Rk,Player,Nation,Pos,Squad,MP,Starts,Min,90s,xG,xA,Tkl,Blocks,Tkl+Int,Clr,Cmp%,KP,SoT,Price,Save%
113,Amos Pieper\Amos-Pieper,de GER,DF,Arminia,30,30,2682,29.8,1,0.5,66,72,101,222,83.7,7,5,4200000,0
82,Anderson Lucoqui\Anderson-Lucoqui,ao ANG,DF,Arminia,21,18,1604,17.8,0.1,0.1,50,65,66,58,68.1,6,2,1100000,0
329,Andreas Voglsammer\Andreas-Voglsammer,de GER,FWMF,Arminia,18,11,1000,11.1,3.5,1.8,11,15,16,10,58.6,9,12,4000000,0
416,Arne Maier\Arne-Maier,de GER,MF,Arminia,16,13,1034,11.5,0.4,1.4,19,20,28,16,73,12,2,925000,0
13,Brian Behrendt\Brian-Behrendt,de GER,DF,Arminia,3,0,79,0.9,0,0,2,0,2,1,73.2,0,0,925000,0
26,Cédric Brunner\Cedric-Brunner,ch SUI,DF,Arminia,31,30,2655,29.5,0.4,1.1,51,66,80,119,71.4,17,2,1900000,0
324,Cebio Soukou\Cebio-Soukou,bj BEN,FWMF,Arminia,14,5,458,5.1,0.8,0.1,10,3,11,5,87.8,4,1,1900000,0
477,Christian Gebauer\Christian-Gebauer,at AUT,MFFW,Arminia,23,5,687,7.6,2,0.6,12,9,20,19,65.6,9,4,975000,0
216,Fabian Klos\Fabian-Klos,de GER,FW,Arminia,34,32,2709,30.1,7.9,3.5,26,20,36,28,56.4,28,19,6000000,0
411,Fabian Kunze\Fabian-Kunze,de GER,MF,Arminia,26,12,1270,14.1,0.5,0.4,44,34,59,31,78.4,5,1,725000,0
497,Jóan Símun Edmundsson\Joan-Simun-Edmundsson,fo FRO,MFFW,Arminia,5,0,58,0.6,0.5,0,2,0,2,1,73.3,0,2,900000,0
11,Jacob Barrett Laursen\Jacob-Barrett-Laursen,dk DEN,DF,Arminia,16,13,1108,12.3,0,1.2,21,40,44,37,77.9,4,0,975000,0
101,Joakim Nilsson\Joakim-Nilsson,se SWE,DF,Arminia,25,24,2162,24,0.4,0.1,41,38,67,154,84.3,2,2,3400000,0
434,Manuel Prietl\Manuel-Prietl,at AUT,MF,Arminia,28,28,2517,28,0.7,1.4,76,56,114,35,80,8,5,5000000,0
397,Marcel Hartel\Marcel-Hartel,de GER,MF,Arminia,22,20,1681,18.7,1.2,1.2,35,28,51,14,74.7,14,6,3900000,0
428,Masaya Okugawa\Masaya-Okugawa,jp JPN,MF,Arminia,13,11,914,10.2,0.9,0.8,18,13,26,6,61.1,3,3,825000,0
501,Michel Vlap\Michel-Vlap,nl NED,MFFW,Arminia,7,5,371,4.1,0.3,0.6,1,5,5,3,67.8,8,2,825000,0
35,Mike van der Hoorn\Mike-van-der-Hoorn,nl NED,DF,Arminia,22,15,1356,15.1,0.3,0.1,8,22,16,102,87.1,3,2,4300000,0
88,Nathan de Medina\Nathan-de-Medina,be BEL,DF,Arminia,16,7,639,7.1,0,0.6,24,21,32,27,66.5,3,0,825000,0
496,Nils Seufert\Nils-Seufert,de GER,MFFW,Arminia,13,2,343,3.8,0,0.3,11,4,13,6,81.2,4,0,1000000,0
504,Reinhold Yabo\Reinhold-Yabo,de GER,MFFW,Arminia,13,8,647,7.2,0.6,0,10,7,17,2,75.9,1,1,1800000,0
474,Ritsu Doan\Ritsu-Doan,jp JPN,MFFW,Arminia,34,33,2768,30.8,5.2,3.3,63,56,89,12,63.4,46,20,825000,0
460,Sebastian Müller\Sebastian-Muller,de GER,MFDF,Arminia,2,0,4,0,0,0,0,0,0,0,0,0,0,220000,0
273,Sergio Córdova\Sergio-Cordova,ve VEN,FWMF,Arminia,23,13,1090,12.1,3.1,1.2,16,14,22,14,67.4,15,4,2700000,0
355,Stefan Ortega\Stefan-Ortega,de GER,GK,Arminia,34,34,3060,34,0,0.6,1,1,1,1,70.6,6,0,6000000,71.7
320,Sven Schipplock\Sven-Schipplock,de GER,FWMF,Arminia,32,5,744,8.3,1.1,0.9,12,13,15,13,54.9,10,5,575000,0
203,Alfreð Finnbogason\Alfred-Finnbogason,is ISL,FW,Augsburg,17,4,544,6,3.1,1.4,3,9,4,4,63.1,10,6,7000000,0
291,André Hahn\Andre-Hahn,de GER,FWMF,Augsburg,29,24,2037,22.6,5.4,1.8,44,49,62,26,56.1,17,14,3000000,0
395,Carlos Gruezo\Carlos-Gruezo,ec ECU,MF,Augsburg,28,23,2084,23.2,0.3,0.6,75,43,111,29,80.4,9,0,3900000,0
471,Daniel Caligiuri\Daniel-Caligiuri,it ITA,MFFW,Augsburg,33,31,2665,29.6,4.8,3.7,81,71,123,42,69,48,13,7000000,0
228,Florian Niederlechner\Florian-Niederlechner,de GER,FW,Augsburg,28,21,1737,19.3,6.7,3,11,17,17,20,70.5,13,18,10500000,0
296,Fredrik Jensen\Fredrik-Jensen,fi FIN,FWMF,Augsburg,13,1,377,4.2,0.3,1,4,3,9,7,68,6,0,3300000,0
62,Iago\Iago,br BRA,DF,Augsburg,18,18,1560,17.3,0.9,1.1,36,45,55,56,73.8,14,2,8000000,0
424,Jan Morávek\Jan-Moravek,cz CZE,MF,Augsburg,5,3,267,3,0.1,0,4,3,12,6,68.1,1,0,1600000,0
48,Jeffrey Gouweleeuw\Jeffrey-Gouweleeuw,nl NED,DF,Augsburg,32,32,2835,31.5,0.4,0.2,39,54,90,220,80.4,8,2,7000000,0
467,László Bénes\Laszlo-Benes,sk SVK,MFFW,Augsburg,12,9,660,7.3,0.4,0.6,7,7,16,4,65.9,9,3,2100000,0
431,Lukas Petkov\Lukas-Petkov,de GER,MF,Augsburg,1,0,4,0,0,0,0,1,0,0,100,0,0,475000,0
111,Mads Pedersen\Mads-Pedersen,dk DEN,DF,Augsburg,15,9,887,9.9,0,0.8,29,25,48,28,70.4,12,0,1100000,0
316,Marco Richter\Marco-Richter,de GER,FWMF,Augsburg,29,16,1416,15.7,4.9,1.6,19,13,28,10,59.7,15,20,8500000,0
135,Marek Suchý\Marek-Suchy,cz CZE,DF,Augsburg,5,3,305,3.4,0,0,5,5,6,12,87,0,0,2000000,0
290,Michael Gregoritsch\Michael-Gregoritsch,at AUT,FWMF,Augsburg,24,9,835,9.3,1,1.3,14,7,15,14,64.5,6,3,7000000,0
265,Noah Joel Sarenren Bazee\Noah-Joel-Sarenren-Bazee,ng NGA,FWMF,Augsburg,5,0,36,0.4,0,0.7,1,1,3,0,46.2,1,0,3200000,0
40,Ohis Felix Uduokhai\Ohis-Felix-Uduokhai,de GER,DF,Augsburg,29,29,2610,29,1.2,0.2,40,68,76,219,84.2,3,3,375000,0
339,Rafał Gikiewicz\Rafal-Gikiewicz,pl POL,GK,Augsburg,34,34,3060,34,0,0,0,2,0,0,69.6,0,0,5500000,71.5
404,Rani Khedira\Rani-Khedira,de GER,MF,Augsburg,27,23,1818,20.2,1,0.2,36,26,59,57,73.6,7,4,7500000,0
42,Raphael Framberger\Raphael-Framberger,de GER,DF,Augsburg,21,19,1540,17.1,0,2,41,63,68,64,66.1,11,1,2800000,0
107,Reece Oxford\Reece-Oxford,eng ENG,DF,Augsburg,24,13,1358,15.1,0.7,0.1,23,26,62,119,84.4,2,2,950000,0
51,Robert Gumny\Robert-Gumny,pl POL,DF,Augsburg,24,14,1377,15.3,0.8,0.5,19,34,47,28,74.6,7,3,2800000,0
500,Ruben Vargas\Ruben-Vargas,ch SUI,MFFW,Augsburg,30,18,1612,17.9,3.8,2.7,23,39,51,20,76.4,25,13,8500000,0
451,Tim Civeja\Tim-Civeja,de GER,MFDF,Augsburg,3,0,34,0.4,0,0,0,1,1,1,66.7,0,0,500000,0
446,Tobias Strobl\Tobias-Strobl,de GER,MF,Augsburg,29,21,1846,20.5,0.5,0.9,25,34,53,30,81.2,14,1,6500000,0
354,Alexander Nübel\Alexander-Nubel,de GER,GK,Bayern Munich,1,1,90,1,0,0,0,0,0,0,94.3,0,0,8500000.00,50
34,Alphonso Davies\Alphonso-Davies,ca CAN,DF,Bayern Munich,23,22,1763,19.6,0.2,0.8,48,44,94,34,89,13,3,22500000.00,0
110,Benjamin Pavard\Benjamin-Pavard,fr FRA,DF,Bayern Munich,24,22,1943,21.6,0.4,1.9,43,57,74,47,85.4,14,3,20500000.00,0
123,Bouna Sarr\Bouna-Sarr,gn GUI,DF,Bayern Munich,8,5,452,5,0.1,0.1,14,3,18,14,88.3,3,0,6500000,0
119,Chris Richards\Chris-Richards,us USA,DF,Bayern Munich,3,1,89,1,0,0.3,1,0,1,3,90.8,3,0,6500000,0
323,Christopher Scott\Christopher-Scott,de GER,FWMF,Bayern Munich,2,0,34,0.4,0,0,2,1,2,0,75,0,0,6500000,0
447,Corentin Tolisso\Corentin-Tolisso,fr FRA,MF,Bayern Munich,16,7,781,8.7,2.3,0.5,17,17,20,10,85.9,9,7,18500000.00,0
168,David Alaba\David-Alaba,at AUT,DFMF,Bayern Munich,32,30,2675,29.7,1.3,2.3,41,47,77,94,85.1,25,6,27500000.00,0
274,Douglas Costa\Douglas-Costa,br BRA,FWMF,Bayern Munich,11,3,320,3.6,0.1,0.7,2,8,5,0,69,6,2,1900000.00,0
306,Eric Maxim Choupo-Moting\Eric-Maxim-Choupo-Moting,cm CMR,FWMF,Bayern Munich,22,8,820,9.1,3.2,1.6,9,3,12,7,80.9,11,13,1900000.00,0
20,Jérôme Boateng\Jerome-Boateng,de GER,DF,Bayern Munich,29,29,2368,26.3,0.3,0.6,29,36,77,109,89.4,6,3,16500000.00,0
309,Jamal Musiala\Jamal-Musiala,de GER,FWMF,Bayern Munich,26,7,881,9.8,3.1,0.9,26,24,48,3,84.8,9,11,2500000.00,0
179,Javi Martínez\Javi-Martinez,es ESP,DFMF,Bayern Munich,19,4,466,5.2,0.3,0.2,9,13,20,27,90.3,1,0,13500000.00,0
406,Joshua Kimmich\Joshua-Kimmich,de GER,MF,Bayern Munich,27,25,2194,24.4,2.5,6.6,45,34,86,26,84,67,14,65000000.00,0
252,Joshua Zirkzee\Joshua-Zirkzee,nl NED,FW,Bayern Munich,3,1,92,1,0.4,0.2,0,0,0,0,80,1,1,1900000.00,0
133,Josip Stanišić\Josip-Stanisic,de GER,DF,Bayern Munich,1,1,90,1,0.2,0,2,2,3,4,90.2,0,0,1900000.00,0
272,Kingsley Coman\Kingsley-Coman,fr FRA,FWMF,Bayern Munich,29,23,1752,19.5,4.1,6.6,20,24,32,5,79.4,43,19,40500000.00,0
393,Leon Goretzka\Leon-Goretzka,de GER,MF,Bayern Munich,24,18,1705,18.9,4.1,2.6,47,41,96,19,88,20,13,39500000.00,0
318,Leroy Sané\Leroy-Sane,de GER,FWMF,Bayern Munich,32,18,1805,20.1,5.6,6.4,31,32,43,5,74.7,36,21,51500000.00,0
56,Lucas Hernández\Lucas-Hernandez,fr FRA,DF,Bayern Munich,23,18,1597,17.7,0.8,1.2,50,36,70,58,84.7,13,1,26500000.00,0
353,Manuel Neuer\Manuel-Neuer,de GER,GK,Bayern Munich,33,33,2970,33,0,0.2,0,0,1,0,86.3,1,0,29000000.00,67.5
437,Marc Roca\Marc-Roca,es ESP,MF,Bayern Munich,6,2,177,2,0.3,0,5,4,6,3,90.2,1,0,325000,0
196,Mickaël Cuisance\Mickael-Cuisance,fr FRA,FW,Bayern Munich,1,0,18,0.2,0,0,0,1,0,0,90,0,0,4000000.00,0
178,Nianzou Kouassi\Nianzou-Kouassi,fr FRA,DFMF,Bayern Munich,6,0,118,1.3,0,0,2,0,3,8,90.7,0,0,4600000.00,0
136,Niklas Süle\Niklas-Sule,de GER,DF,Bayern Munich,20,16,1505,16.7,1.1,0.3,33,29,54,43,91,8,4,37500000.00,0
218,Robert Lewandowski\Robert-Lewandowski,pl POL,FW,Bayern Munich,29,28,2458,27.3,31.6,3.6,18,9,25,8,76.5,30,56,80000000.00,0
289,Serge Gnabry\Serge-Gnabry,de GER,FWMF,Bayern Munich,27,20,1644,18.3,8,4.6,37,20,60,2,78.1,33,27,47500000.00,0
425,Thomas Müller\Thomas-Muller,de GER,MF,Bayern Munich,32,31,2674,29.7,7.1,11.5,53,49,71,20,74.1,90,16,42000000.00,0
383,Tiago Dantas\Tiago-Dantas,pt POR,MF,Bayern Munich,2,1,69,0.8,0,0,0,0,1,0,80,1,0,325000,0
114,Łukasz Piszczek\Lukasz-Piszczek,pl POL,DF,Dortmund,11,5,455,5.1,0,0.3,11,6,20,16,77.9,3,0,4500000,0
300,Ansgar Knauff\Ansgar-Knauff,de GER,FWMF,Dortmund,4,0,71,0.8,0.1,1,1,2,2,2,76,4,1,325000,0
450,Axel Witsel\Axel-Witsel,be BEL,MF,Dortmund,15,13,1130,12.6,1,0.6,20,17,35,14,94,5,2,23500000,0
152,Dan-Axel Zagadou\Dan-Axel-Zagadou,fr FRA,DF,Dortmund,9,3,276,3.1,0,0,3,5,12,12,86.4,0,1,16000000,0
170,Emre Can\Emre-Can,de GER,DFMF,Dortmund,28,23,2133,23.7,0.8,2.4,55,41,95,72,87.3,17,4,26500000,0
209,Erling Haaland\Erling-Haaland,no NOR,FW,Dortmund,28,27,2407,26.7,23.7,5.4,7,20,12,15,73.5,23,47,45000000,0
109,Felix Passlack\Felix-Passlack,de GER,DF,Dortmund,7,3,362,4,0.9,0.2,13,12,17,1,84.5,3,1,1400000,0
315,Gio Reyna\Gio-Reyna,us USA,FWMF,Dortmund,32,23,1976,22,4.5,4.3,30,29,45,11,79.3,34,12,1800000,0
317,Jadon Sancho\Jadon-Sancho,eng ENG,FWMF,Dortmund,26,24,2062,22.9,7.4,6.8,16,38,30,8,78.7,67,15,69500000,0
376,Jude Bellingham\Jude-Bellingham,eng ENG,MF,Dortmund,29,19,1697,18.9,3,3.3,54,40,75,20,83.2,14,9,2100000,0
269,Julian Brandt\Julian-Brandt,de GER,FWMF,Dortmund,31,17,1495,16.6,3,2.8,31,27,45,7,84.2,30,8,40500000,0
382,Mahmoud Dahoud\Mahmoud-Dahoud,de GER,MF,Dortmund,21,15,1258,14,0.5,1.2,36,31,57,14,86.1,12,5,10000000,0
3,Manuel Akanji\Manuel-Akanji,ch SUI,DF,Dortmund,28,26,2350,26.1,1.8,0.1,46,38,84,106,92.9,2,4,13000000,0
492,Marco Reus\Marco-Reus,de GER,MFFW,Dortmund,32,27,2279,25.3,10,8.1,40,32,50,15,79.8,50,24,34000000,0
342,Marwin Hitz\Marwin-Hitz,ch SUI,GK,Dortmund,16,16,1395,15.5,0,0,0,0,0,0,83.1,0,0,6500000,66.7
93,Mateu Morey\Mateu-Morey,es ESP,DF,Dortmund,13,10,829,9.2,0.1,0.6,14,11,30,7,84.2,7,0,1300000,0
61,Mats Hummels\Mats-Hummels,de GER,DF,Dortmund,33,32,2813,31.3,3.4,0.9,65,39,133,184,88.8,10,15,33000000,0
127,Nico Schulz\Nico-Schulz,de GER,DF,Dortmund,13,6,610,6.8,0.1,0.3,10,11,24,20,82.5,5,0,14500000,0
49,Raphaël Guerreiro\Raphael-Guerreiro,pt POR,DF,Dortmund,27,25,2218,24.6,3.8,7,31,36,64,36,86.6,53,15,36500000,0
491,Reinier\Reinier,br BRA,MFFW,Dortmund,14,1,257,2.9,0.9,0.4,9,5,12,0,88.5,4,1,4900000,0
334,Roman Bürki\Roman-Burki,ch SUI,GK,Dortmund,19,18,1665,18.5,0,0,0,0,0,0,81.9,0,0,25000000,70.8
247,Steffen Tigges\Steffen-Tigges,de GER,FW,Dortmund,6,0,56,0.6,0.2,0,4,3,4,1,50,0,1,300000,0
385,Thomas Delaney\Thomas-Delaney,dk DEN,MF,Dortmund,20,14,1286,14.3,0.4,0.2,49,33,73,28,83.8,4,3,16000000,0
90,Thomas Meunier\Thomas-Meunier,be BEL,DF,Dortmund,21,17,1472,16.4,0.9,1.7,37,26,53,36,81.7,13,2,15000000,0
292,Thorgan Hazard\Thorgan-Hazard,be BEL,FWMF,Dortmund,16,8,654,7.3,0.6,2.8,7,10,17,3,82.3,13,4,27000000,0
308,Youssoufa Moukoko\Youssoufa-Moukoko,de GER,FWMF,Dortmund,14,2,422,4.7,2.8,0.7,3,5,3,1,76.9,1,8,775000,0
482,Ajdin Hrustic\Ajdin-Hrustic,au AUS,MFFW,Eint Frankfurt,11,1,272,3,0.3,0.4,5,4,8,3,81.6,6,4,6500000,0
143,Almamy Touré\Almamy-Toure,ml MLI,DF,Eint Frankfurt,17,8,704,7.8,1.1,1.2,16,15,27,20,65.8,12,4,6500000,0
505,Amin Younes\Amin-Younes,de GER,MFFW,Eint Frankfurt,26,16,1391,15.5,3.4,1.7,27,22,44,3,74.5,23,13,3600000,0
243,André Silva\Andre-Silva,pt POR,FW,Eint Frankfurt,32,32,2760,30.7,24.3,5.5,11,12,15,14,74.1,29,53,17000000,0
264,Aymen Barkok\Aymen-Barkok,ma MAR,FWMF,Eint Frankfurt,26,9,977,10.9,1.6,3,31,20,45,9,72.5,25,6,1700000,0
202,Bas Dost\Bas-Dost,nl NED,FW,Eint Frankfurt,12,9,817,9.1,4.3,2.3,4,7,6,8,65.1,11,7,9500000,0
484,Daichi Kamada\Daichi-Kamada,jp JPN,MFFW,Eint Frankfurt,32,28,2356,26.2,5.6,7.5,52,31,78,23,74.9,52,9,3600000,0
31,Danny da Costa\Danny-da-Costa,de GER,DF,Eint Frankfurt,6,1,110,1.2,0.2,0,2,4,2,4,69.4,0,0,10500000,0
1,David Abraham\David-Abraham,ar ARG,DF,Eint Frankfurt,14,14,1222,13.6,0.7,0.5,17,26,32,33,81.9,2,2,3600000,0
445,Djibril Sow\Djibril-Sow,ch SUI,MF,Eint Frankfurt,28,25,2175,24.2,0.6,1.6,67,47,122,32,88.5,19,3,8000000,0
486,Dominik Kohr\Dominik-Kohr,de GER,MFFW,Eint Frankfurt,7,2,260,2.9,0.5,0,17,7,22,9,76.9,1,0,7000000,0
332,Elias Bördner\Elias-Bordner,de GER,GK,Eint Frankfurt,1,1,90,1,0,0,0,0,0,0,67.4,0,0,1600000,83.3
37,Erik Durm\Erik-Durm,de GER,DF,Eint Frankfurt,21,19,1480,16.4,1.6,2.1,21,32,44,25,70.2,12,6,3400000,0
76,Filip Kostić\Filip-Kostic,rs SRB,DF,Eint Frankfurt,30,29,2534,28.2,3.9,11.5,60,67,91,33,62.7,90,21,27000000,0
363,Kevin Trapp\Kevin-Trapp,de GER,GK,Eint Frankfurt,33,33,2970,33,0,0,0,0,1,2,69.8,0,0,18500000,66.4
297,Luka Jović\Luka-Jovic,rs SRB,FWMF,Eint Frankfurt,18,8,894,9.9,2.7,0.6,4,5,5,4,78.1,5,7,1000000,0
172,Makoto Hasebe\Makoto-Hasebe,jp JPN,DFMF,Eint Frankfurt,29,26,2288,25.4,0.2,0.2,55,39,88,73,89,5,1,150000,0
57,Martin Hinteregger\Martin-Hinteregger,at AUT,DF,Eint Frankfurt,29,29,2527,28.1,2,0.7,76,45,112,144,82.7,8,6,15500000,0
97,Obite N'Dicka\Obite-NDicka,fr FRA,DF,Eint Frankfurt,23,23,2044,22.7,1.1,0.3,38,58,85,100,85.6,5,5,8500000,0
253,Ragnar Ache\Ragnar-Ache,de GER,FWDF,Eint Frankfurt,7,0,100,1.1,0.3,0,1,2,1,1,54.3,0,1,1300000,0
438,Sebastian Rode\Sebastian-Rode,de GER,MF,Eint Frankfurt,27,19,1625,18.1,0.1,1.3,52,41,95,21,83.9,20,3,7500000,0
457,Stefan Ilsanker\Stefan-Ilsanker,at AUT,MFDF,Eint Frankfurt,27,17,1578,17.5,1.2,0.2,46,43,70,60,80.2,5,4,4200000,0
185,Steven Zuber\Steven-Zuber,ch SUI,DFMF,Eint Frankfurt,20,6,585,6.5,0.8,1.9,27,7,29,1,76,13,2,5500000,0
29,Timothy Chandler\Timothy-Chandler,us USA,DF,Eint Frankfurt,15,3,432,4.8,0.9,0.3,3,7,5,6,71.5,4,2,5500000,0
145,Tuta\Tuta,br BRA,DF,Eint Frankfurt,19,16,1459,16.2,0.1,0.3,32,32,63,71,85.5,4,0,200000,0
366,Amir Abrashi\Amir-Abrashi,al ALB,MF,Freiburg,5,0,60,0.7,0,0,2,3,4,0,81.8,0,0,2000000,0
441,Baptiste Santamaria\Baptiste-Santamaria,fr FRA,MF,Freiburg,30,28,2209,24.5,1.9,1.5,64,52,113,37,76.4,13,8,14500000,0
52,Christian Günter\Christian-Gunter,de GER,DF,Freiburg,34,34,3060,34,0.9,5.9,48,53,78,44,72.6,70,7,9000000,0
55,Dominique Heintz\Dominique-Heintz,de GER,DF,Freiburg,21,14,1369,15.2,0.3,0.4,29,22,50,61,85.8,3,1,7000000,0
199,Ermedin Demirović\Ermedin-Demirovic,ba BIH,FW,Freiburg,30,19,1498,16.6,4.7,3.1,17,31,22,23,58.1,13,19,3100000,0
352,Florian Müller\Florian-Muller,de GER,GK,Freiburg,31,31,2790,31,0,0,0,0,1,4,68.3,1,0,8000000,71.1
248,Guus Til\Guus-Til,nl NED,FW,Freiburg,7,1,125,1.4,0.3,0,4,2,5,2,62.9,1,1,8000000,0
480,Janik Haberer\Janik-Haberer,de GER,MFFW,Freiburg,14,5,486,5.4,1.1,0.1,9,9,13,9,80.1,2,3,7500000,0
330,Jeong Woo-yeong\Jeong-Woo-yeong,kr KOR,FWMF,Freiburg,26,7,823,9.1,1.7,1.5,9,12,19,11,75.7,16,6,1600000,0
181,Jonathan Schmid\Jonathan-Schmid,fr FRA,DFMF,Freiburg,31,27,2393,26.6,1.4,2.1,37,55,59,50,76.7,26,9,7000000,0
124,Keven Schlotterbeck\Keven-Schlotterbeck,de GER,DF,Freiburg,24,18,1654,18.4,0.6,0.2,25,33,54,111,82.5,2,1,2100000,0
473,Kwon Chang-hoon\Kwon-Chang-hoon,kr KOR,MFFW,Freiburg,12,1,216,2.4,0.1,0,5,4,10,2,76.1,1,0,525000,0
464,Lino Tempelmann\Lino-Tempelmann,de GER,MFDF,Freiburg,10,2,270,3,0.2,0,5,8,5,7,78.3,1,0,170000,0
295,Lucas Höler\Lucas-Holer,de GER,FWMF,Freiburg,33,22,2089,23.2,7.4,3,31,28,46,17,67.7,21,13,2900000,0
77,Lukas Kübler\Lukas-Kubler,de GER,DF,Freiburg,19,11,884,9.8,0.1,0.3,20,16,37,34,67.1,4,1,2800000,0
50,Manuel Gulde\Manuel-Gulde,de GER,DF,Freiburg,27,22,1954,21.7,1.1,0,22,35,52,87,88.5,0,5,4700000,0
338,Mark Flekken\Mark-Flekken,nl NED,GK,Freiburg,3,3,270,3,0,0,0,0,0,0,73.6,0,0,5500000,75
399,Nicolas Höfler\Nicolas-Hofler,de GER,MF,Freiburg,31,30,2729,30.3,1.5,1.5,76,53,129,49,84.4,18,8,2600000,0
233,Nils Petersen\Nils-Petersen,de GER,FW,Freiburg,32,12,1301,14.5,6.4,1.5,14,22,17,32,67.3,9,11,7000000,0
381,Nishan Burkart\Nishan-Burkart,ch SUI,MF,Freiburg,1,0,15,0.2,0,0,0,0,0,0,66.7,0,0,525000,0
81,Philipp Lienhart\Philipp-Lienhart,at AUT,DF,Freiburg,34,34,2993,33.3,2.1,0.3,28,54,72,137,85.7,3,4,3700000,0
494,Roland Sallai\Roland-Sallai,hu HUN,MFFW,Freiburg,28,22,1661,18.5,6.8,1.3,21,18,31,11,71.8,15,20,4200000,0
479,Vincenzo Grifo\Vincenzo-Grifo,it ITA,MFFW,Freiburg,31,27,2313,25.7,7.9,6.2,21,29,47,18,74.5,63,24,11000000,0
403,Yannik Keitel\Yannik-Keitel,de GER,MF,Freiburg,12,4,498,5.5,0.3,0.2,13,9,23,11,80.7,3,2,400000,0
360,Alexander Schwolow\Alexander-Schwolow,de GER,GK,Hertha BSC,26,26,2340,26,0,0,0,1,0,3,79.1,1,0,10500000,68
415,Arne Maier\Arne-Maier,de GER,MF,Hertha BSC,2,0,30,0.3,0,0.2,1,0,1,0,95.2,1,0,9000000,0
314,Daishawn Redan\Daishawn-Redan,nl NED,FWMF,Hertha BSC,7,0,102,1.1,0.6,0,0,1,2,0,65.5,1,2,450000,0
22,Dedryck Boyata\Dedryck-Boyata,be BEL,DF,Hertha BSC,19,17,1545,17.2,0.6,0.7,17,36,34,80,88.9,5,1,7500000,0
184,Deyovaisio Zeefuik\Deyovaisio-Zeefuik,nl NED,DFMF,Hertha BSC,22,10,905,10.1,0,1.7,19,31,27,32,75.7,14,2,8000000,0
304,Dodi Lukebakio\Dodi-Lukebakio,be BEL,FWMF,Hertha BSC,29,21,1855,20.6,6.9,2.5,26,19,36,10,75,21,18,12000000,0
458,Eduard Löwen\Eduard-Lowen,de GER,MFDF,Hertha BSC,7,1,85,0.9,0,0,5,0,6,2,75.4,0,0,525000,0
278,Javairô Dilrosun\Javairo-Dilrosun,nl NED,FWMF,Hertha BSC,12,5,529,5.9,0.8,0.5,8,7,14,2,74.9,6,1,11500000,0
227,Jessic Ngankam\Jessic-Ngankam,de GER,FW,Hertha BSC,15,2,296,3.3,0.5,0,6,9,7,0,75.5,1,4,1400000,0
195,Jhon Córdoba\Jhon-Cordoba,co COL,FW,Hertha BSC,21,17,1537,17.1,7.4,1.8,11,16,20,4,76.3,23,19,12000000,0
421,Jonas Michel Dirkner\Jonas-Michel-Dirkner,de GER,MF,Hertha BSC,1,0,16,0.2,0,0,1,0,1,0,50,0,0,525000,0
422,Jonas Michelbrink\Jonas-Michelbrink,de GER,MF,Hertha BSC,2,0,39,0.4,0,0,0,1,0,0,73.3,0,0,525000,0
142,Jordan Torunarigha\Jordan-Torunarigha,de GER,DF,Hertha BSC,14,11,969,10.8,0.1,0.7,13,17,33,70,88,4,1,10000000,0
234,Krzysztof Piątek\Krzysztof-Piatek,pl POL,FW,Hertha BSC,32,18,1630,18.1,6.7,1.3,9,15,15,19,70.8,10,18,14000000,0
99,Luca Netz\Luca-Netz,de GER,DF,Hertha BSC,11,2,309,3.4,0.8,0.1,12,8,14,9,77.5,2,1,750000,0
448,Lucas Tousart\Lucas-Tousart,fr FRA,MF,Hertha BSC,26,25,2090,23.2,1.5,1,51,54,93,78,78.9,7,6,9500000,0
73,Lukas Klünter\Lukas-Klunter,de GER,DF,Hertha BSC,11,11,990,11,0,0.3,12,13,25,47,76.8,3,0,3800000,0
33,Márton Dárdai\Marton-Dardai,de GER,DF,Hertha BSC,12,9,821,9.1,0.1,0.2,18,14,33,41,80.2,4,0,475000,0
251,Marten Winkler\Marten-Winkler,de GER,FW,Hertha BSC,1,0,1,0,0,0,0,0,0,0,,0,0,525000,0
115,Marvin Plattenhardt\Marvin-Plattenhardt,de GER,DF,Hertha BSC,16,12,1071,11.9,0.1,1.3,20,16,26,20,75.6,11,0,6500000,0
275,Matheus Cunha\Matheus-Cunha,br BRA,FWMF,Hertha BSC,27,25,2149,23.9,8.1,5,39,38,74,6,65.9,48,30,16000000,0
257,Mathew Leckie\Mathew-Leckie,au AUS,FWDF,Hertha BSC,17,5,506,5.6,0.1,0.6,13,16,24,12,76.2,5,1,3000000,0
396,Mattéo Guendouzi\Matteo-Guendouzi,fr FRA,MF,Hertha BSC,24,19,1818,20.2,1,1.4,27,33,49,23,84.7,15,9,525000,0
91,Maximilian Mittelstädt\Maximilian-Mittelstadt,de GER,DF,Hertha BSC,27,22,1797,20,0.8,1.9,76,58,128,70,74.8,23,5,9500000,0
258,Nemanja Radonjić\Nemanja-Radonjic,rs SRB,FWDF,Hertha BSC,12,5,611,6.8,1.8,0.9,6,1,10,1,63.9,8,7,525000,0
182,Niklas Stark\Niklas-Stark,de GER,DFMF,Hertha BSC,33,31,2793,31,0.9,0.2,66,58,106,146,84.9,4,3,9000000,0
5,Omar Alderete\Omar-Alderete,py PAR,DF,Hertha BSC,17,14,1299,14.4,0.5,0.1,21,23,35,100,81.7,2,2,525000,0
112,Peter Pekarík\Peter-Pekarik,sk SVK,DF,Hertha BSC,23,22,1692,18.8,1.4,0.9,27,36,47,41,82.4,9,5,3000000,0
345,Rune Jarstein\Rune-Jarstein,no NOR,GK,Hertha BSC,8,8,720,8,0,0,0,0,0,1,64.8,0,0,2400000,61.3
405,Sami Khedira\Sami-Khedira,de GER,MF,Hertha BSC,9,4,395,4.4,0,0.5,10,5,20,9,82.9,3,0,525000,0
372,Santiago Ascacíbar\Santiago-Ascacibar,ar ARG,MF,Hertha BSC,13,8,762,8.5,0.6,0.2,34,20,45,19,83.3,6,3,9500000,0
384,Vladimír Darida\Vladimir-Darida,cz CZE,MF,Hertha BSC,27,24,1903,21.1,1.4,5.8,37,35,69,24,72.5,39,6,8500000,0
301,Andrej Kramarić\Andrej-Kramaric,hr CRO,FWMF,Hoffenheim,28,26,2379,26.4,16.4,4.7,8,17,20,7,76.9,39,40,22000000,0
118,Chris Richards\Chris-Richards,us USA,DF,Hoffenheim,11,11,944,10.5,0.2,0.3,24,19,37,72,87.8,4,0,10500000,0
466,Christoph Baumgartner\Christoph-Baumgartner,at AUT,MFFW,Hoffenheim,31,28,2369,26.3,5.5,3,53,46,72,19,76,32,21,525000,0
391,Dennis Geiger\Dennis-Geiger,de GER,MF,Hoffenheim,9,9,658,7.3,0.3,1.7,18,9,23,1,82.5,14,3,4700000,0
440,Diadie Samassékou\Diadie-Samassekou,ml MLI,MF,Hoffenheim,31,31,2563,28.5,0.6,1.1,75,52,143,76,83.9,9,1,9500000,0
19,Ermin Bičakčić\Ermin-Bicakcic,ba BIH,DF,Hoffenheim,2,2,128,1.4,0.4,0,1,3,2,9,87.1,0,1,6000000,0
453,Florian Grillitsch\Florian-Grillitsch,at AUT,MFDF,Hoffenheim,26,22,1879,20.9,2,1.7,38,50,85,54,85.8,14,9,13500000,0
238,Georginio Rutter\Georginio-Rutter,fr FRA,FW,Hoffenheim,9,2,241,2.7,0.4,0.2,5,1,6,3,79.7,2,3,525000,0
102,Håvard Nordtveit\Havard-Nordtveit,no NOR,DF,Hoffenheim,12,6,700,7.8,0.2,0.3,6,13,11,50,85.3,3,1,3200000,0
190,Ihlas Bebou\Ihlas-Bebou,tg TOG,FW,Hoffenheim,32,23,2200,24.4,9.1,5,30,26,43,21,75.8,37,19,7000000,0
192,Ishak Belfodil\Ishak-Belfodil,dz ALG,FW,Hoffenheim,14,7,596,6.6,1.6,1,3,3,3,4,71.5,7,4,9000000,0
194,Jacob Bruun Larsen\Jacob-Bruun-Larsen,dk DEN,FW,Hoffenheim,2,1,89,1,0,0,0,0,0,0,78.9,0,0,8500000,0
23,Joshua Brenet\Joshua-Brenet,nl NED,DF,Hoffenheim,1,0,1,0,0,0,0,0,0,0,0,0,0,6000000,0
103,Kasim Nuhu\Kasim-Nuhu,gh GHA,DF,Hoffenheim,12,11,987,11,0.6,0,10,19,19,53,85,1,0,2700000,0
4,Kevin Akpoguma\Kevin-Akpoguma,ng NGA,DF,Hoffenheim,16,14,1184,13.2,0.1,0.4,24,39,34,44,82.2,2,2,4600000,0
148,Kevin Vogt\Kevin-Vogt,de GER,DF,Hoffenheim,24,20,1841,20.5,0,0.6,26,24,37,89,89.2,4,0,8000000,0
215,Klauss\Klauss,br BRA,FW,Hoffenheim,4,0,51,0.6,0.1,0.3,0,0,0,0,81.8,2,1,1500000,0
65,Marco John\Marco-John,de GER,DF,Hoffenheim,14,12,997,11.1,0.2,1.6,18,31,31,20,79.6,10,0,525000,0
191,Maximilian Beier\Maximilian-Beier,de GER,FW,Hoffenheim,3,0,10,0.1,0,0,0,0,0,0,100,0,0,425000,0
169,Melayro Bogarde\Melayro-Bogarde,nl NED,DFMF,Hoffenheim,9,2,277,3.1,0.1,0.2,7,2,10,6,86.3,4,2,275000,0
171,Mijat Gaćinović\Mijat-Gacinovic,rs SRB,DFMF,Hoffenheim,23,7,822,9.1,1.8,1.9,18,21,35,16,76.5,10,2,5500000,0
197,Moanes Dabour\Moanes-Dabour,il ISR,FW,Hoffenheim,22,11,999,11.1,5.1,1,12,10,18,5,73.3,12,12,13000000,0
331,Oliver Baumann\Oliver-Baumann,de GER,GK,Hoffenheim,31,31,2790,31,0,0,0,0,0,2,78.8,0,0,15000000,64.3
67,Pavel Kadeřábek\Pavel-Kaderabek,cz CZE,DF,Hoffenheim,20,17,1588,17.6,1.2,3.3,21,19,38,34,73.7,23,4,12500000,0
357,Philipp Pentke\Philipp-Pentke,de GER,GK,Hoffenheim,3,3,270,3,0,0,0,0,0,0,84.5,0,0,1100000,76.9
259,Robert Skov\Robert-Skov,dk DEN,FWDF,Hoffenheim,23,12,1164,12.9,2.1,1.3,23,16,35,12,69.5,15,7,8000000,0
128,Ryan Sessegnon\Ryan-Sessegnon,eng ENG,DF,Hoffenheim,23,17,1574,17.5,0.6,1.8,47,45,67,47,77.8,16,2,525000,0
262,Sargis Adamyan\Sargis-Adamyan,am ARM,FWMF,Hoffenheim,18,3,479,5.3,2.2,1.8,8,5,15,1,71.9,12,6,6500000,0
461,Sebastian Rudy\Sebastian-Rudy,de GER,MFDF,Hoffenheim,25,21,1678,18.6,0.6,2.2,52,40,60,16,73.4,29,8,525000,0
117,Stefan Posch\Stefan-Posch,at AUT,DF,Hoffenheim,26,25,2119,23.5,0.8,0.8,63,50,92,98,80.2,12,2,8000000,0
307,Anthony Modeste\Anthony-Modeste,fr FRA,FWMF,Köln,8,1,221,2.5,1.8,0,1,0,1,2,58.3,1,0,525000,0
126,Benno Schmitz\Benno-Schmitz,de GER,DF,Köln,12,4,416,4.6,0.3,0.4,13,6,21,17,72.4,5,1,525000,0
487,Dimitris Limnios\Dimitris-Limnios,gr GRE,MFFW,Köln,12,2,378,4.2,0.6,0.5,8,6,9,1,63.4,4,3,5500000,0
475,Dominick Drexler\Dominick-Drexler,de GER,MFFW,Köln,27,11,1233,13.7,2.8,1.6,33,19,51,17,76.7,14,2,3800000,0
444,Ellyes Skhiri\Ellyes-Skhiri,tn TUN,MF,Köln,32,32,2785,30.9,3.9,1.1,88,77,172,50,87.1,17,7,10000000,0
493,Elvis Rexhbeçaj\Elvis-Rexhbecaj,de GER,MFFW,Köln,30,20,1833,20.4,2.1,2.3,52,51,74,18,64.9,26,10,3400000,0
200,Emmanuel Dennis\Emmanuel-Dennis,ng NGA,FW,Köln,9,6,474,5.3,0.6,1.2,12,5,15,0,70.5,4,0,2400000,0
298,Florian Kainz\Florian-Kainz,at AUT,FWMF,Köln,8,6,447,5,0.6,1,5,8,10,5,68.9,10,3,7000000,0
137,Frederik Sørensen\Frederik-Sorensen,dk DEN,DF,Köln,3,1,99,1.1,0,0.1,2,3,2,3,76,1,0,2400000,0
174,Ismail Jakobs\Ismail-Jakobs,de GER,DFMF,Köln,23,18,1726,19.2,2,2,30,33,48,36,66.8,14,6,1900000,0
327,Jan Thielmann\Jan-Thielmann,de GER,FWMF,Köln,24,9,1029,11.4,1.1,0.7,18,12,26,4,63.8,9,4,1600000,0
59,Jannes Horn\Jannes-Horn,de GER,DF,Köln,29,20,1768,19.6,0.2,1.6,33,30,51,72,79.6,15,1,2300000,0
398,Jonas Hector\Jonas-Hector,de GER,MF,Köln,19,15,1290,14.3,3.4,1.6,28,28,47,24,77.2,18,8,7500000,0
89,Jorge Meré\Jorge-Mere,es ESP,DF,Köln,16,14,1300,14.4,0,0.2,21,17,44,83,88.7,3,0,3900000,0
38,Kingsley Ehizibue\Kingsley-Ehizibue,nl NED,DF,Köln,21,15,1133,12.6,0.5,0.7,36,24,53,48,74.1,7,1,6500000,0
58,Marco Höger\Marco-Hoger,de GER,DF,Köln,3,1,53,0.6,0,0,3,1,4,4,67.7,0,0,2600000,0
183,Marius Wolf\Marius-Wolf,de GER,DFMF,Köln,31,29,2551,28.3,3.5,3.2,33,49,66,48,68.7,22,11,2400000,0
420,Max Meyer\Max-Meyer,de GER,MF,Köln,10,3,351,3.9,1,0.1,6,6,9,3,83.1,2,5,2400000,0
69,Noah Katterbach\Noah-Katterbach,de GER,DF,Köln,21,12,1111,12.3,0.2,1.2,22,15,33,29,77,12,2,3500000,0
280,Ondrej Duda\Ondrej-Duda,sk SVK,FWMF,Köln,32,32,2537,28.2,5.8,4.1,51,32,70,20,71.8,44,13,8500000,0
32,Rafael Czichos\Rafael-Czichos,de GER,DF,Köln,28,26,2259,25.1,1.5,0.1,63,41,101,144,85.1,3,2,2500000,0
365,Ron-Robert Zieler\Ron-Robert-Zieler,de GER,GK,Köln,1,0,51,0.6,0,0,0,0,0,0,78.3,0,0,3600000,100
429,Salih Özcan\Salih-Ozcan,de GER,MF,Köln,28,15,1371,15.2,0.6,0.7,25,17,46,27,80.5,12,5,4500000,0
28,Sava Cestic\Sava-Cestic,rs SRB,DF,Köln,11,11,899,10,0.1,0.1,21,20,50,54,75.8,2,0,180000,0
21,Sebastiaan Bornauw\Sebastiaan-Bornauw,be BEL,DF,Köln,24,23,2083,23.1,1.3,0,37,48,61,137,83.8,1,4,9000000,0
187,Sebastian Andersson\Sebastian-Andersson,se SWE,FW,Köln,16,14,1126,12.5,5.5,0.3,5,9,8,9,71.1,5,14,8000000,0
343,Timo Horn\Timo-Horn,de GER,GK,Köln,34,34,3009,33.4,0,0,0,0,1,2,73.5,1,0,8000000,65.3
188,Toluwalas Arokodare\Toluwalas-Arokodare,ng NGA,FW,Köln,10,0,112,1.2,0.4,0,1,1,1,0,75,1,1,325000,0
36,Aleksandar Dragović\Aleksandar-Dragovic,at AUT,DF,Leverkusen,18,11,1136,12.6,0.3,0.4,17,22,32,49,89,6,2,6500000,0
370,Charles Aránguiz\Charles-Aranguiz,cl CHI,MF,Leverkusen,21,20,1669,18.5,0.7,0.8,44,35,71,26,86.5,15,2,19500000,0
130,Daley Sinkgraven\Daley-Sinkgraven,nl NED,DF,Leverkusen,22,19,1570,17.4,0.4,0.7,33,48,54,29,82,14,1,10000000,0
207,Demarai Gray\Demarai-Gray,eng ENG,FW,Leverkusen,10,5,442,4.9,1.2,0.8,3,1,5,7,67,8,7,6500000,0
139,Edmond Tapsoba\Edmond-Tapsoba,bf BFA,DF,Leverkusen,31,29,2652,29.5,1.1,0.5,64,72,113,149,91,3,5,15500000,0
204,Emrehan Gedikli\Emrehan-Gedikli,de GER,FW,Leverkusen,1,0,25,0.3,0,0,0,0,0,0,80,0,0,6500000,0
430,Exequiel Palacios\Exequiel-Palacios,ar ARG,MF,Leverkusen,9,7,572,6.4,0.1,0.9,29,19,44,11,86.7,9,0,13500000,0
449,Florian Wirtz\Florian-Wirtz,de GER,MF,Leverkusen,29,25,2224,24.7,4.4,4.6,25,34,45,3,78.2,49,14,1800000,0
157,Jeremie Frimpong\Jeremie-Frimpong,nl NED,DFFW,Leverkusen,10,4,436,4.8,0.1,0.6,7,8,10,9,83.2,4,0,6500000,0
433,Joel Pohjanpalo\Joel-Pohjanpalo,fi FIN,MF,Leverkusen,1,0,6,0.1,0,0,1,0,1,0,100,0,0,3900000,0
138,Jonathan Tah\Jonathan-Tah,de GER,DF,Leverkusen,27,24,2219,24.7,0.8,0.1,35,45,82,126,90.9,2,2,15000000,0
375,Julian Baumgartlinger\Julian-Baumgartlinger,at AUT,MF,Leverkusen,17,12,1072,11.9,1.4,0.3,46,20,63,19,86.7,8,4,6000000,0
267,Karim Bellarabi\Karim-Bellarabi,de GER,FWMF,Leverkusen,22,7,798,8.9,2.2,1.8,16,11,29,8,70.9,14,9,21000000,0
386,Kerem Demirbay\Kerem-Demirbay,de GER,MF,Leverkusen,29,20,1744,19.4,2.4,2.6,51,25,64,10,78.8,36,13,17000000,0
15,Lars Bender\Lars-Bender,de GER,DF,Leverkusen,14,12,936,10.4,1.2,0.5,19,26,27,27,83.2,7,0,16000000,0
340,Lennart Grill\Lennart-Grill,de GER,GK,Leverkusen,4,4,360,4,0,0,0,0,0,0,89.4,0,0,1300000,65
263,Leon Bailey\Leon-Bailey,jm JAM,FWMF,Leverkusen,30,25,2141,23.8,6.9,6.1,21,15,39,9,70.3,50,23,20000000,0
186,Lucas Alario\Lucas-Alario,ar ARG,FW,Leverkusen,25,12,1245,13.8,6.5,0.7,8,9,11,9,75.9,12,18,10500000,0
344,Lukáš Hrádecký\Lukas-Hradecky,fi FIN,GK,Leverkusen,29,29,2565,28.5,0,0,0,0,0,4,77.1,0,0,17500000,65.9
149,Mitchell Weiser\Mitchell-Weiser,de GER,DF,Leverkusen,5,2,226,2.5,0.1,0,4,2,6,8,84.3,0,2,8000000,0
276,Moussa Diaby\Moussa-Diaby,fr FRA,FWMF,Leverkusen,32,28,2388,26.5,5.6,6.8,13,16,32,10,76.1,44,25,25000000,0
368,Nadiem Amiri\Nadiem-Amiri,de GER,MF,Leverkusen,29,20,1890,21,2.1,2.9,19,19,38,6,82.8,37,14,12000000,0
349,Niklas Lomb\Niklas-Lomb,de GER,GK,Leverkusen,2,1,135,1.5,0,0,0,0,0,0,80,0,0,850000,62.5
241,Patrik Schick\Patrik-Schick,cz CZE,FW,Leverkusen,29,20,1866,20.7,9.7,2.3,14,10,16,17,72.5,21,23,14500000,0
231,Paulinho\Paulinho,br BRA,FW,Leverkusen,1,1,65,0.7,0.3,0,0,0,0,0,80.8,0,1,9500000,0
7,Santiago Arias\Santiago-Arias,co COL,DF,Leverkusen,1,1,90,1,0,0,4,3,4,3,85.5,0,0,500000,0
16,Sven Bender\Sven-Bender,de GER,DF,Leverkusen,18,14,1170,13,0.1,0.4,18,26,32,64,91.5,4,1,13000000,0
41,Timothy Fosu-Mensah\Timothy-Fosu-Mensah,nl NED,DF,Leverkusen,6,5,409,4.5,0.2,0.1,9,13,15,6,86.4,3,1,425000,0
64,Tin Jedvaj\Tin-Jedvaj,hr CRO,DF,Leverkusen,3,2,152,1.7,0,0,4,2,8,15,86.6,0,0,8000000,0
150,Wendell\Wendell,br BRA,DF,Leverkusen,22,15,1457,16.2,0.6,0.1,54,35,94,53,86.1,1,2,9000000,0
244,Ádám Szalai\Adam-Szalai,hu HUN,FW,Mainz 05,18,8,733,8.1,2.2,0.6,7,4,10,2,53.8,5,6,1900000,0
84,Aarón Martín\Aaron-Martin,es ESP,DF,Mainz 05,5,3,262,2.9,0,0.4,2,2,5,1,72.2,5,0,7500000,0
53,Alexander Hack\Alexander-Hack,de GER,DF,Mainz 05,21,14,1370,15.2,0.3,0.4,43,25,73,122,77.3,6,2,3400000,0
25,Daniel Brosinski\Daniel-Brosinski,de GER,DF,Mainz 05,21,16,1430,15.9,1.8,2.4,19,34,32,40,63.4,24,1,4800000,0
30,Danny da Costa\Danny-da-Costa,de GER,DF,Mainz 05,16,15,1208,13.4,0.2,1.7,25,17,47,39,60.7,14,1,3400000,0
412,Danny Latza\Danny-Latza,de GER,MF,Mainz 05,29,21,1800,20,1.9,2.2,47,51,74,28,70.6,23,9,5000000,0
408,Dominik Kohr\Dominik-Kohr,de GER,MF,Mainz 05,17,14,1268,14.1,0.9,1.2,48,24,77,39,76.2,6,3,825000,0
452,Edimilson Fernandes\Edimilson-Fernandes,ch SUI,MFDF,Mainz 05,14,9,841,9.3,0.7,0.9,9,19,32,26,73.1,10,4,2300000,0
336,Finn Dahmen\Finn-Dahmen,de GER,GK,Mainz 05,3,3,270,3,0,0,0,0,0,0,77.9,0,0,475000,55
153,Issah Abbas\Issah-Abbas,gh GHA,DFFW,Mainz 05,2,0,18,0.2,0,0,0,0,0,0,86.7,0,0,2400000,0
469,Jean-Paul Boëtius\Jean-Paul-Boetius,nl NED,MFFW,Mainz 05,31,23,2065,22.9,2.8,6,49,44,74,16,69.5,32,9,9000000,0
222,Jean-Philippe Mateta\Jean-Philippe-Mateta,fr FRA,FW,Mainz 05,15,12,997,11.1,7.4,1.5,5,7,6,7,72.2,14,13,11000000,0
132,Jerry St. Juste\Jerry-St-Juste,nl NED,DF,Mainz 05,32,32,2880,32,2,0.2,72,70,133,146,81.5,5,4,7000000,0
201,Ji Dong-won\Ji-Dong-won,kr KOR,FW,Mainz 05,6,0,62,0.7,0,0,2,0,2,0,55.6,1,0,6000000,0
255,Jonathan Burkardt\Jonathan-Burkardt,de GER,FWDF,Mainz 05,29,16,1373,15.3,4.5,1.5,30,24,35,14,70.8,11,11,1000000,0
229,Karim Onisiwo\Karim-Onisiwo,at AUT,FW,Mainz 05,31,19,1843,20.5,5.3,2.4,34,25,44,11,62.6,18,20,6000000,0
499,Kevin Stöger\Kevin-Stoger,at AUT,MFFW,Mainz 05,19,4,538,6,1.6,0.9,14,9,25,7,69.5,10,4,6000000,0
374,Leandro Barreiro Martins\Leandro-Barreiro-Martins,lu LUX,MF,Mainz 05,29,27,2303,25.6,3.3,2.1,68,61,118,63,66.5,18,10,1100000,0
162,Levin Öztunalı\Levin-Oztunali,de GER,DFFW,Mainz 05,17,7,758,8.4,0.6,0.9,28,18,43,24,61.9,10,3,5000000,0
71,Luca Kilian\Luca-Kilian,de GER,DF,Mainz 05,6,4,381,4.2,0,0,14,6,15,15,86.9,1,0,1600000,0
108,Matondo-Merveille Papela\Matondo-Merveille-Papela,de GER,DF,Mainz 05,1,0,2,0,0,0,0,0,0,0,100,0,0,220000,0
100,Moussa Niakhate\Moussa-Niakhate,fr FRA,DF,Mainz 05,32,32,2866,31.8,2.6,2,58,53,98,126,74,15,5,8000000,0
463,Niklas Tauer\Niklas-Tauer,de GER,MFDF,Mainz 05,5,0,69,0.8,0,0,1,4,1,5,63,1,0,325000,0
426,Paul Nebel\Paul-Nebel,de GER,MF,Mainz 05,4,0,51,0.6,0,0,1,0,2,1,78.6,0,0,650000,0
96,Phillipp Mwene\Phillipp-Mwene,at AUT,DF,Mainz 05,20,19,1674,18.6,0.2,1.4,51,37,75,55,63.6,18,2,3300000,0
410,Pierre Kunde\Pierre-Kunde,cm CMR,MF,Mainz 05,11,6,513,5.7,0.1,0.9,12,6,19,12,76.2,6,0,9500000,0
10,Ridle Baku\Ridle-Baku,de GER,DF,Mainz 05,2,2,180,2,0,0,5,5,9,5,70.5,0,0,4500000,0
205,Robert Glatzel\Robert-Glatzel,de GER,FW,Mainz 05,13,3,359,4,2.9,0.6,3,2,5,3,69.9,2,7,6000000,0
311,Robin Quaison\Robin-Quaison,se SWE,FWMF,Mainz 05,28,18,1476,16.4,5.9,2.9,16,14,25,6,66.5,13,16,9000000,0
364,Robin Zentner\Robin-Zentner,de GER,GK,Mainz 05,31,31,2790,31,0.1,0.3,0,0,0,1,66.9,1,0,6500000,69.6
14,Stefan Bell\Stefan-Bell,de GER,DF,Mainz 05,16,16,1266,14.1,0.4,1.3,25,23,63,127,78.7,3,2,3500000,0
235,Alassane Pléa\Alassane-Plea,fr FRA,FW,M'Gladbach,29,19,1803,20,5.1,3.9,17,9,24,8,73.3,27,25,17500000,0
282,Breel Embolo\Breel-Embolo,ch SUI,FWMF,M'Gladbach,31,16,1440,16,7,1,22,15,28,6,73,14,19,14500000,0
409,Christoph Kramer\Christoph-Kramer,de GER,MF,M'Gladbach,28,23,2033,22.6,0.4,1.2,61,43,97,55,86.7,11,1,9000000,0
465,Denis Zakaria\Denis-Zakaria,ch SUI,MFDF,M'Gladbach,25,15,1419,15.8,1.3,1.1,28,29,57,35,88.5,9,2,30500000,0
427,Florian Neuhaus\Florian-Neuhaus,de GER,MF,M'Gladbach,33,30,2622,29.1,3.1,2.4,50,48,96,32,83.6,22,17,17500000,0
502,Hannes Wolf\Hannes-Wolf,at AUT,MFFW,M'Gladbach,32,14,1378,15.3,2,2.7,27,25,39,4,76.3,17,7,5000000,0
261,Ibrahima Traoré\Ibrahima-Traore,gn GUI,FWDF,M'Gladbach,7,1,98,1.1,0,0.2,2,2,2,0,66,1,0,5000000,0
294,Jonas Hofmann\Jonas-Hofmann,de GER,FWMF,M'Gladbach,24,21,1817,20.2,4.9,5.5,31,37,62,19,74.4,57,8,9500000,0
377,László Bénes\Laszlo-Benes,sk SVK,MF,M'Gladbach,7,1,150,1.7,0.1,0.4,6,3,10,2,72.7,4,0,5500000,0
498,Lars Stindl\Lars-Stindl,de GER,MFFW,M'Gladbach,30,23,1961,21.8,10,5.6,35,27,41,21,82,44,22,13000000,0
18,Louis Beyer\Louis-Beyer,de GER,DF,M'Gladbach,4,2,188,2.1,0,0,3,5,9,11,83.3,0,0,2100000,0
246,Marcus Thuram\Marcus-Thuram,fr FRA,FW,M'Gladbach,29,20,1731,19.2,7.8,2,22,34,42,14,71.2,14,20,20500000,0
47,Matthias Ginter\Matthias-Ginter,de GER,DF,M'Gladbach,34,34,3060,34,2.1,2,30,57,69,183,85.8,11,8,23000000,0
39,Nico Elvedi\Nico-Elvedi,ch SUI,DF,M'Gladbach,29,29,2536,28.2,2,0.2,61,58,125,174,92.8,3,6,13000000,0
151,Oscar Wendt\Oscar-Wendt,se SWE,DF,M'Gladbach,22,15,1254,13.9,1,1,15,31,30,37,77.8,8,1,2300000,0
210,Patrick Herrmann\Patrick-Herrmann,de GER,FW,M'Gladbach,27,9,876,9.7,2.6,1.7,16,15,24,8,66.9,21,8,10000000,0
17,Ramy Bensebaini\Ramy-Bensebaini,dz ALG,DF,M'Gladbach,25,20,1811,20.1,2.3,0.4,45,55,108,107,83.1,8,7,14000000,0
436,Rocco Reitz\Rocco-Reitz,de GER,MF,M'Gladbach,2,1,60,0.7,0,0.1,2,3,3,1,81.4,2,0,6000000,0
79,Stefan Lainer\Stefan-Lainer,at AUT,DF,M'Gladbach,33,31,2768,30.8,2.3,2.4,60,77,100,88,75.6,34,7,13000000,0
361,Tobias Sippel\Tobias-Sippel,de GER,GK,M'Gladbach,4,3,344,3.8,0,0,0,0,0,0,65.3,0,0,2400000,68.4
63,Tony Jantschke\Tony-Jantschke,de GER,DF,M'Gladbach,8,3,269,3,0.2,0,9,10,13,9,92.1,0,1,5500000,0
159,Valentino Lazaro\Valentino-Lazaro,at AUT,DFFW,M'Gladbach,22,13,1240,13.8,2,1,18,27,36,16,76.2,16,4,16500000,0
362,Yann Sommer\Yann-Sommer,ch SUI,GK,M'Gladbach,31,31,2712,30.1,0,0,0,0,0,3,81.5,0,0,28500000,64.5
245,Alexander Sørloth\Alexander-Sorloth,no NOR,FW,RB Leipzig,29,13,1443,16,6.4,2.2,11,18,16,13,75.2,26,17,525000,0
456,Amadou Haidara\Amadou-Haidara,ml MLI,MFDF,RB Leipzig,31,21,1905,21.2,4.4,2.6,58,45,88,27,80.3,33,13,8000000,0
154,Angeliño\Angelino,es ESP,DFFW,RB Leipzig,26,24,2161,24,3.8,5,41,41,73,42,71.1,56,13,525000,0
173,Benjamin Henrichs\Benjamin-Henrichs,de GER,DFMF,RB Leipzig,13,5,540,6,0.2,0.6,17,15,26,9,74.9,3,2,9000000,0
310,Christopher Nkunku\Christopher-Nkunku,fr FRA,FWMF,RB Leipzig,28,19,1892,21,7.8,7.5,24,32,35,14,77.8,71,26,20500000,0
489,Dani Olmo\Dani-Olmo,es ESP,MFFW,RB Leipzig,32,26,2194,24.4,7.6,4.9,36,21,60,26,77.9,38,21,18500000,0
146,Dayot Upamecano\Dayot-Upamecano,fr FRA,DF,RB Leipzig,29,27,2330,25.9,1,0.9,51,40,88,95,89.1,8,6,20000000,0
379,Dennis Borkowski\Dennis-Borkowski,de GER,MF,RB Leipzig,2,0,11,0.1,0,0,0,0,0,0,71.4,0,0,275000,0
284,Emil Forsberg\Emil-Forsberg,se SWE,FWMF,RB Leipzig,29,20,1539,17.1,5.8,5.3,14,15,21,3,77.4,33,14,12500000,0
293,Hwang Hee-chan\Hwang-Hee-chan,kr KOR,FWMF,RB Leipzig,18,3,460,5.1,1.6,0.9,7,4,10,3,66.7,4,6,525000,0
75,Ibrahima Konaté\Ibrahima-Konate,fr FRA,DF,RB Leipzig,14,8,695,7.7,0.5,0,10,10,20,41,86.4,0,2,15500000,0
166,Joscha Wosz\Joscha-Wosz,de GER,DFFW,RB Leipzig,2,0,34,0.4,0,0,1,3,1,0,73.3,0,0,525000,0
351,Josep Martinez\Josep-Martinez,es ESP,GK,RB Leipzig,1,1,90,1,0,0,0,0,0,0,75.5,0,0,1100000,50
217,Justin Kluivert\Justin-Kluivert,nl NED,FW,RB Leipzig,19,8,813,9,3.6,1.2,5,11,8,5,69.2,12,7,525000,0
401,Kevin Kampl\Kevin-Kampl,si SVN,MF,RB Leipzig,27,24,1932,21.5,1.2,1.9,50,30,80,22,89.9,16,1,17000000,0
158,Konrad Laimer\Konrad-Laimer,at AUT,DFFW,RB Leipzig,3,1,84,0.9,0.4,0,2,2,3,2,76.5,0,2,26000000,0
495,Lazar Samardzic\Lazar-Samardzic,de GER,MFFW,RB Leipzig,7,2,200,2.2,0,0.5,8,6,13,1,75.4,3,0,750000,0
72,Lukas Klostermann\Lukas-Klostermann,de GER,DF,RB Leipzig,23,15,1446,16.1,0.8,0.5,26,33,45,53,88.4,4,2,18000000,0
54,Marcel Halstenberg\Marcel-Halstenberg,de GER,DF,RB Leipzig,24,19,1651,18.3,1.9,2.5,39,18,56,53,87.8,27,4,19000000,0
439,Marcel Sabitzer\Marcel-Sabitzer,at AUT,MF,RB Leipzig,27,24,2026,22.5,7.2,2.3,38,18,74,28,79.5,29,21,31000000,0
94,Nordi Mukiele\Nordi-Mukiele,fr FRA,DF,RB Leipzig,28,21,1677,18.6,2.3,1.5,47,40,75,47,77.9,10,7,18500000,0
341,Péter Gulácsi\Peter-Gulacsi,hu HUN,GK,RB Leipzig,33,33,2970,33,0,0,0,0,0,0,86.7,0,0,26000000,64.9
167,Tyler Adams\Tyler-Adams,us USA,DFMF,RB Leipzig,27,21,1850,20.6,0.9,0.9,52,37,83,40,86.1,13,4,11000000,0
105,Willi Orban\Willi-Orban,hu HUN,DF,RB Leipzig,29,25,2363,26.3,3.5,0.8,42,48,77,139,88.3,8,7,13000000,0
237,Yussuf Poulsen\Yussuf-Poulsen,dk DEN,FW,RB Leipzig,27,14,1354,15,5,2.8,7,16,14,13,71.3,14,14,12500000,0
303,Ahmed Kutucu\Ahmed-Kutucu,tr TUR,FWMF,Schalke 04,7,0,108,1.2,0.3,0,1,1,1,0,59.5,1,0,2000000,0
322,Alessandro Schöpf\Alessandro-Schopf,at AUT,FWMF,Schalke 04,19,10,942,10.5,0.4,0.4,15,21,22,5,79.8,4,1,3700000,0
481,Amine Harit\Amine-Harit,ma MAR,MFFW,Schalke 04,28,25,2101,23.3,1.4,4.9,24,12,47,10,74.9,46,5,12000000,0
104,Bastian Oczipka\Bastian-Oczipka,de GER,DF,Schalke 04,27,20,1922,21.4,0.3,1.5,38,37,69,45,78.5,27,0,4800000,0
312,Benito Raman\Benito-Raman,be BEL,FWMF,Schalke 04,25,13,1246,13.8,2.3,1.4,19,15,28,5,68,16,7,7000000,0
462,Benjamin Stambouli\Benjamin-Stambouli,fr FRA,MFDF,Schalke 04,24,22,1956,21.7,0.1,0.5,60,49,121,68,74.9,8,1,7500000,0
400,Blendi Idrizi\Blendi-Idrizi,xk KVX,MF,Schalke 04,3,3,238,2.6,0.5,0.2,9,8,19,1,76.5,1,1,525000,0
380,Can Bozdogan\Can-Bozdogan,de GER,MF,Schalke 04,14,5,651,7.2,0.4,0.5,26,16,31,5,74.7,5,2,975000,0
390,Florian Flick\Florian-Flick,de GER,MF,Schalke 04,4,4,360,4,0.5,0,9,7,15,11,82.7,0,1,525000,0
359,Frederik Rønnow\Frederik-Ronnow,dk DEN,GK,Schalke 04,11,10,945,10.5,0,0,0,0,0,0,74.2,0,0,525000,68.8
230,Gonçalo Paciência\Goncalo-Paciencia,pt POR,FW,Schalke 04,15,9,749,8.3,1.3,0.6,8,5,10,6,61,3,8,11000000,0
224,Hamza Mendyl\Hamza-Mendyl,ma MAR,FW,Schalke 04,3,1,95,1.1,0.1,0,4,1,5,1,79.3,0,0,2200000,0
85,Henning Matriciani\Henning-Matriciani,de GER,DF,Schalke 04,1,0,24,0.3,0,0,3,2,3,0,60,0,0,525000,0
219,Jan Luca Schuler\Jan-Luca-Schuler,de GER,FW,Schalke 04,2,0,40,0.4,0.1,0,1,2,1,1,53.8,0,0,525000,0
402,Jimmy Kaparos\Jimmy-Kaparos,de GER,MF,Schalke 04,1,0,18,0.2,0,0,0,0,0,0,100,0,0,525000,0
27,Kerim Calhanoglu\Kerim-Calhanoglu,de GER,DF,Schalke 04,4,4,296,3.3,0.1,0,5,7,11,6,64.2,0,1,525000,0
83,Kilian Ludewig\Kilian-Ludewig,de GER,DF,Schalke 04,6,6,520,5.8,0,0.3,14,12,18,11,74.8,5,0,525000,0
212,Klaas-Jan Huntelaar\Klaas-Jan-Huntelaar,nl NED,FW,Schalke 04,9,7,588,6.5,3.4,0.5,3,2,6,5,76.3,4,5,525000,0
225,Levent Mercan\Levent-Mercan,de GER,FW,Schalke 04,1,0,5,0.1,0,0,0,0,0,0,100,0,0,325000,0
140,Malick Thiaw\Malick-Thiaw,de GER,DF,Schalke 04,19,15,1452,16.1,0.5,0.1,47,29,80,80,81.7,2,4,575000,0
328,Mark Uth\Mark-Uth,de GER,FWMF,Schalke 04,20,18,1494,16.6,2.8,1.2,26,18,40,6,73.9,22,10,8000000,0
98,Matija Nastasić\Matija-Nastasic,rs SRB,DF,Schalke 04,15,14,1221,13.6,0.3,0,11,35,26,63,87.5,0,2,9500000,0
211,Matthew Hoppe\Matthew-Hoppe,us USA,FW,Schalke 04,22,15,1305,14.5,3.4,0.8,13,13,22,14,72.7,7,9,525000,0
9,Mehmet-Can Aydin\Mehmet-Can-Aydin,de GER,DF,Schalke 04,6,6,500,5.6,0,0.5,14,10,23,16,68.5,3,0,525000,0
348,Michael Langer\Michael-Langer,at AUT,GK,Schalke 04,3,2,239,2.7,0,0,0,0,0,0,65.8,0,0,150000,50
220,Mikail Maden\Mikail-Maden,no NOR,FW,Schalke 04,1,0,6,0.1,0,0,0,0,0,0,100,0,0,525000,0
378,Nabil Bentaleb\Nabil-Bentaleb,dz ALG,MF,Schalke 04,9,6,548,6.1,0.8,0.1,13,11,16,7,82.2,1,0,8500000,0
470,Nassim Boujellab\Nassim-Boujellab,ma MAR,MFFW,Schalke 04,12,6,605,6.7,1.4,0.2,17,16,23,10,72.3,4,6,975000,0
419,Omar Mascarell\Omar-Mascarell,es ESP,MF,Schalke 04,24,21,1762,19.6,0.3,0.5,42,47,78,40,82.2,7,3,13000000,0
66,Ozan Kabak\Ozan-Kabak,tr TUR,DF,Schalke 04,14,14,1243,13.8,1,0.2,20,30,36,76,89,3,1,13000000,0
305,Rabbi Matondo\Rabbi-Matondo,wal WAL,FWMF,Schalke 04,3,3,220,2.4,0,0.1,4,5,6,0,85,3,0,3800000,0
337,Ralf Fährmann\Ralf-Fahrmann,de GER,GK,Schalke 04,22,22,1876,20.8,0.1,0.1,0,0,0,0,65.6,2,0,5500000,66.2
122,Salif Sané\Salif-Sane,sn SEN,DF,Schalke 04,14,11,1071,11.9,0.4,0.3,16,39,34,84,83.3,4,1,10500000,0
177,Sead Kolašinac\Sead-Kolasinac,ba BIH,DFMF,Schalke 04,17,16,1426,15.8,0.4,1.6,24,19,60,21,79.4,12,1,525000,0
121,Sebastian Rudy\Sebastian-Rudy,de GER,DF,Schalke 04,2,2,180,2,0,0.1,4,11,4,6,66.9,2,0,8000000,0
95,Shkodran Mustafi\Shkodran-Mustafi,de GER,DF,Schalke 04,13,11,1037,11.5,0.5,0,13,27,40,96,79.8,1,2,525000,0
260,Steven Skrzybski\Steven-Skrzybski,de GER,FWDF,Schalke 04,13,3,419,4.7,1.3,0.1,7,10,12,1,59.8,2,1,2800000,0
443,Suat Serdar\Suat-Serdar,de GER,MF,Schalke 04,25,24,1953,21.7,2.2,1.5,58,39,81,26,76.5,15,9,14000000,0
12,Timo Becker\Timo-Becker,de GER,DF,Schalke 04,20,18,1640,18.2,0.2,0.3,38,42,72,49,77.2,3,1,475000,0
232,Vasileios Pavlidis\Vasileios-Pavlidis,gr GRE,FW,Schalke 04,1,0,2,0,0,0,0,0,0,0,100,0,0,525000,0
213,Vedad Ibišević\Vedad-Ibisevic,ba BIH,FW,Schalke 04,4,1,156,1.7,0.5,0,0,3,0,1,71.4,2,0,3100000,0
165,William\William,br BRA,DFFW,Schalke 04,8,7,474,5.3,0.3,0,19,16,33,13,58.5,2,1,525000,0
161,Alkhaly Momo Cissé\Alkhaly-Momo-Cisse,gn GUI,DFFW,Stuttgart,5,0,38,0.4,0,0,1,2,1,1,72.2,1,0,300000,0
175,Atakan Karazor\Atakan-Karazor,de GER,DFMF,Stuttgart,19,10,1037,11.5,0.1,0.1,23,22,41,62,87.3,2,1,2100000,0
131,Borna Sosa\Borna-Sosa,hr CRO,DF,Stuttgart,26,25,2042,22.7,0.6,5.9,22,46,45,77,70.4,57,3,1300000,0
277,Daniel Didavi\Daniel-Didavi,de GER,FWMF,Stuttgart,23,10,970,10.8,3.2,3,15,11,21,9,74.1,25,7,6500000,0
155,Darko Churlinov\Darko-Churlinov,mk MKD,DFFW,Stuttgart,14,0,216,2.4,0.1,0.4,3,9,4,4,81.8,2,0,975000,0
163,Erik Thommy\Erik-Thommy,de GER,DFFW,Stuttgart,8,3,313,3.5,0.5,0.9,4,6,11,5,72,7,1,8000000,0
333,Fabian Bredlow\Fabian-Bredlow,de GER,GK,Stuttgart,1,1,90,1,0,0,0,0,0,0,75,0,0,1000000,88.9
472,Gonzalo Castro\Gonzalo-Castro,de GER,MFFW,Stuttgart,26,23,1729,19.2,3.3,3,14,26,24,14,74.6,43,11,2300000,0
347,Gregor Kobel\Gregor-Kobel,ch SUI,GK,Stuttgart,33,33,2970,33,0,0,0,0,0,1,82.1,1,0,7000000,68.4
287,Hamadi Al Ghaddioui\Hamadi-Al-Ghaddioui,ma MAR,FWMF,Stuttgart,6,0,46,0.5,0.2,0,0,0,0,0,66.7,0,0,1100000,0
86,Konstantinos Mavropanos\Konstantinos-Mavropanos,gr GRE,DF,Stuttgart,21,19,1463,16.3,1.4,0.3,42,40,83,96,79.7,4,5,6500000,0
388,Lilian Egloff\Lilian-Egloff,de GER,MF,Stuttgart,2,0,16,0.2,0,0,0,0,0,0,100,0,0,350000,0
414,Luca Mack\Luca-Mack,de GER,MF,Stuttgart,1,0,6,0.1,0,0,0,0,0,2,66.7,0,0,210000,0
68,Marcin Kamiński\Marcin-Kaminski,pl POL,DF,Stuttgart,5,2,219,2.4,0,0.2,1,4,2,14,88.3,2,0,1700000,0
70,Marc-Oliver Kempf\Marc-Oliver-Kempf,de GER,DF,Stuttgart,32,32,2727,30.3,1.3,0.4,63,65,115,132,82.6,11,6,6500000,0
299,Mateo Klimowicz\Mateo-Klimowicz,de GER,FWMF,Stuttgart,25,12,1198,13.3,3.8,1.2,24,11,27,4,75.3,13,10,450000,0
240,Mohamed Sankoh\Mohamed-Sankoh,nl NED,FW,Stuttgart,1,0,17,0.2,0,0,0,0,1,0,100,0,0,525000,0
367,Naouirou Ahamada\Naouirou-Ahamada,fr FRA,MF,Stuttgart,6,3,252,2.8,0.3,0,2,5,6,1,90,1,1,525000,0
256,Nicolás González\Nicolas-Gonzalez,ar ARG,FWDF,Stuttgart,15,10,934,10.4,8.1,2,5,15,8,7,61.4,11,11,10000000,0
418,Orel Mangala\Orel-Mangala,be BEL,MF,Stuttgart,24,24,2109,23.4,1.4,1.5,30,55,57,28,84.7,16,8,4500000,0
134,Pascal Stenzel\Pascal-Stenzel,de GER,DF,Stuttgart,23,14,1276,14.2,0.1,0.3,33,33,51,42,85.9,3,1,3500000,0
285,Philipp Förster\Philipp-Forster,de GER,FWMF,Stuttgart,25,17,1509,16.8,4.2,2.6,30,23,46,6,79.1,26,11,2200000,0
485,Philipp Klement\Philipp-Klement,de GER,MFFW,Stuttgart,18,2,421,4.7,0.3,1.7,9,8,14,11,82.4,17,3,1900000,0
160,Roberto Massimo\Roberto-Massimo,de GER,DFFW,Stuttgart,18,7,757,8.4,1.7,1.4,21,15,33,11,75.6,8,4,1100000,0
214,Sasa Kalajdzic\Sasa-Kalajdzic,at AUT,FW,Stuttgart,33,23,2136,23.7,9,3.5,15,19,22,17,70.4,23,28,1200000,0
164,Silas Wamangituka\Silas-Wamangituka,cd COD,DFFW,Stuttgart,25,24,1919,21.3,7.3,5.1,50,39,73,13,69.9,23,15,3200000,0
156,Tanguy Coulibaly\Tanguy-Coulibaly,fr FRA,DFFW,Stuttgart,31,17,1506,16.7,3.2,1.8,38,26,45,15,74,14,9,325000,0
6,Waldemar Anton\Waldemar-Anton,de GER,DF,Stuttgart,31,30,2711,30.1,1.2,0.4,36,57,86,132,88.1,7,4,4000000,0
389,Wataru Endo\Wataru-Endo,jp JPN,MF,Stuttgart,33,33,2955,32.8,2.3,2.1,89,64,136,73,84,25,14,525000,0
206,Akaki Gogia\Akaki-Gogia,de GER,FW,Union Berlin,7,0,140,1.6,0.1,0.4,2,1,2,1,80.7,2,2,1100000,0
350,Andreas Luthe\Andreas-Luthe,de GER,GK,Union Berlin,31,31,2768,30.8,0,0,0,0,0,1,71.6,0,0,3000000,69.1
326,Cedric Teuchert\Cedric-Teuchert,de GER,FWMF,Union Berlin,24,5,754,8.4,3.3,1,10,14,21,6,72.7,8,10,1400000,0
392,Christian Gentner\Christian-Gentner,de GER,MF,Union Berlin,22,13,1033,11.5,0.3,1,21,19,34,26,78.9,7,0,2700000,0
80,Christopher Lenz\Christopher-Lenz,de GER,DF,Union Berlin,27,27,2248,25,0.9,2,77,50,110,53,72.8,19,6,2000000,0
144,Christopher Trimmel\Christopher-Trimmel,at AUT,DF,Union Berlin,31,30,2572,28.6,0.3,4.9,58,46,116,92,71.4,55,3,3000000,0
60,Florian Hübner\Florian-Hubner,de GER,DF,Union Berlin,6,6,525,5.8,0.1,0,8,12,19,33,74.4,0,1,2900000,0
435,Grischa Prömel\Grischa-Promel,de GER,MF,Union Berlin,24,21,1816,20.2,1.9,0.8,40,34,71,25,77.7,8,5,2300000,0
236,Joel Pohjanpalo\Joel-Pohjanpalo,fi FIN,FW,Union Berlin,19,10,851,9.5,6.9,1.4,7,2,8,10,70.4,7,15,725000,0
223,Joshua Mees\Joshua-Mees,de GER,FW,Union Berlin,1,0,5,0.1,0.1,0,0,0,0,0,66.7,0,0,1400000,0
180,Julian Ryerson\Julian-Ryerson,no NOR,DFMF,Union Berlin,24,10,1069,11.9,0.2,1.3,22,26,35,22,73.5,10,0,1000000,0
476,Keita Endo\Keita-Endo,jp JPN,MFFW,Union Berlin,16,4,456,5.1,1.2,1.1,8,12,17,6,70.4,6,4,525000,0
198,Leon Dajaku\Leon-Dajaku,de GER,FW,Union Berlin,2,0,37,0.4,0,0,1,0,1,0,84.6,0,0,525000,0
346,Loris Karius\Loris-Karius,de GER,GK,Union Berlin,4,3,292,3.2,0,0,0,0,0,0,61.1,0,0,400000,80
483,Marcus Ingvartsen\Marcus-Ingvartsen,dk DEN,MFFW,Union Berlin,30,24,1963,21.8,4.1,2.1,24,30,54,16,71,21,13,1400000,0
270,Marius Bülter\Marius-Bulter,de GER,FWMF,Union Berlin,26,8,977,10.9,2,1.2,17,18,24,12,62,11,7,4200000,0
44,Marvin Friedrich\Marvin-Friedrich,de GER,DF,Union Berlin,34,34,3060,34,1.3,0.8,61,68,105,135,80.9,12,6,7000000,0
302,Max Kruse\Max-Kruse,de GER,FWMF,Union Berlin,22,19,1629,18.1,6.6,4.5,9,17,15,7,75.4,38,12,14000000,0
125,Nico Schlotterbeck\Nico-Schlotterbeck,de GER,DF,Union Berlin,16,15,1285,14.3,1.3,0.2,34,20,71,65,81.5,1,8,1000000,0
46,Niko Gießelmann\Niko-Giesselmann,de GER,DF,Union Berlin,13,4,430,4.8,0.1,0.3,18,9,26,18,64.1,3,0,2000000,0
226,Petar Musa\Petar-Musa,hr CRO,FW,Union Berlin,14,8,715,7.9,2.5,0.8,16,9,20,6,56.4,8,5,525000,0
369,Robert Andrich\Robert-Andrich,de GER,MF,Union Berlin,29,29,2526,28.1,2.5,2.2,61,41,119,31,79.1,24,9,3800000,0
74,Robin Knoche\Robin-Knoche,de GER,DF,Union Berlin,34,34,3042,33.8,0.9,0.3,50,59,94,192,86.6,3,4,8000000,0
394,Sebastian Griesbeck\Sebastian-Griesbeck,de GER,MF,Union Berlin,24,8,890,9.9,0.4,0,25,16,30,11,74.1,1,1,2700000,0
266,Sheraldo Becker\Sheraldo-Becker,sr SUR,FWMF,Union Berlin,18,15,1106,12.3,2,3.2,8,10,13,5,63.1,19,10,1100000,0
189,Taiwo Awoniyi\Taiwo-Awoniyi,ng NGA,FW,Union Berlin,21,16,1359,15.1,6.9,1.5,8,14,12,4,69.1,20,13,2700000,0
413,Tim Maciejewski\Tim-Maciejewski,de GER,MF,Union Berlin,1,0,8,0.1,0,0,0,0,0,0,66.7,0,0,975000,0
141,Ömer Toprak\Omer-Toprak,tr TUR,DF,Werder Bremen,26,24,1940,21.6,0.9,0,31,41,82,142,83.3,1,5,6000000,0
454,Christian Groß\Christian-Gross,de GER,MFDF,Werder Bremen,23,17,1468,16.3,0.4,0.6,48,19,78,52,86.2,5,1,675000,0
242,Davie Selke\Davie-Selke,de GER,FW,Werder Bremen,23,7,813,9,3.6,0.7,3,5,5,6,58.7,7,12,5000000,0
407,Davy Klaassen\Davy-Klaassen,nl NED,MF,Werder Bremen,3,3,222,2.5,0.1,0,3,9,5,0,68.8,0,0,10000000,0
279,Eren Dinkçi\Eren-Dinkci,de GER,FWMF,Werder Bremen,8,1,108,1.2,0.4,0.1,2,3,5,1,74.1,3,2,525000,0
2,Felix Agu\Felix-Agu,de GER,DF,Werder Bremen,15,8,701,7.8,0.6,0.4,27,16,48,23,72.7,3,1,3100000,0
208,Ilia Gruev\Ilia-Gruev,bg BUL,FW,Werder Bremen,1,0,1,0,0,0,0,0,0,0,,0,0,525000,0
459,Jean-Manuel Mbom\Jean-Manuel-Mbom,de GER,MFDF,Werder Bremen,21,15,1160,12.9,0.5,0.6,25,27,39,29,70.6,7,1,925000,0
356,Jiří Pavlenka\Jiri-Pavlenka,cz CZE,GK,Werder Bremen,34,34,3060,34,0,0,0,1,0,1,73.6,0,0,18500000,64.7
281,Johannes Eggestein\Johannes-Eggestein,de GER,FWMF,Werder Bremen,2,0,33,0.4,0,0,0,0,0,2,64.7,1,0,1600000,0
319,Josh Sargent\Josh-Sargent,us USA,FWMF,Werder Bremen,32,30,2506,27.8,5.2,3.8,36,51,56,35,71,30,19,2000000,0
423,Kevin Möhwald\Kevin-Mohwald,de GER,MF,Werder Bremen,27,17,1555,17.3,1.3,1,18,19,59,25,84.4,12,7,3600000,0
468,Leonardo Bittencourt\Leonardo-Bittencourt,de GER,MFFW,Werder Bremen,27,19,1514,16.8,4.4,1.3,59,33,73,8,71.9,20,10,10500000,0
8,Ludwig Augustinsson\Ludwig-Augustinsson,se SWE,DF,Werder Bremen,23,21,1957,21.7,0.9,2.8,42,50,56,67,66.8,43,6,8000000,0
43,Marco Friedl\Marco-Friedl,at AUT,DF,Werder Bremen,32,31,2785,30.9,0.7,0.6,67,67,129,145,81.1,9,1,2200000,0
387,Maximilian Eggestein\Maximilian-Eggestein,de GER,MF,Werder Bremen,33,33,2942,32.7,1.1,3.3,60,58,103,47,78.6,26,5,10500000,0
147,Miloš Veljković\Milos-Veljkovic,rs SRB,DF,Werder Bremen,23,19,1723,19.1,0.5,0,18,42,49,127,74.9,1,1,4700000,0
313,Milot Rashica\Milot-Rashica,xk KVX,FWMF,Werder Bremen,24,14,1462,16.2,4.4,1.7,16,16,25,3,67.4,18,14,17500000,0
503,Nick Woltemade\Nick-Woltemade,de GER,MFFW,Werder Bremen,6,1,147,1.6,0.6,0.3,2,2,3,0,61.5,3,3,425000,0
286,Niclas Füllkrug\Niclas-Fullkrug,de GER,FWMF,Werder Bremen,19,10,877,9.7,6,0.2,8,15,12,11,58.3,6,15,9000000,0
92,Niklas Moisander\Niklas-Moisander,fi FIN,DF,Werder Bremen,18,12,1222,13.6,0,0,17,24,45,93,90,2,0,2500000,0
283,Patrick Erras\Patrick-Erras,de GER,FWMF,Werder Bremen,4,0,26,0.3,0,0,0,1,0,0,60.6,1,0,1300000,0
373,Philipp Bargfrede\Philipp-Bargfrede,de GER,MF,Werder Bremen,1,0,27,0.3,0,0,1,0,2,2,90.9,0,0,525000,0
321,Romano Schmid\Romano-Schmid,at AUT,FWMF,Werder Bremen,22,13,1177,13.1,0.6,1,27,26,43,4,71.9,13,3,1300000,0
271,Tahith Chong\Tahith-Chong,nl NED,FWMF,Werder Bremen,13,4,386,4.3,0.3,0.5,12,3,15,2,63.2,5,1,1400000,0
45,Theodor Gebre Selassie\Theodor-Gebre-Selassie,cz CZE,DF,Werder Bremen,34,34,3032,33.7,1.4,1.2,71,71,132,122,76.3,20,8,3500000,0
490,Yuya Osako\Yuya-Osako,jp JPN,MFFW,Werder Bremen,24,7,762,8.5,0.5,1.5,14,10,20,7,68.3,10,4,525000,0
488,Admir Mehmedi\Admir-Mehmedi,ch SUI,MFFW,Wolfsburg,18,8,820,9.1,0.9,2,18,10,24,3,78.5,17,2,7500000,0
268,Bartosz Bialek\Bartosz-Bialek,pl POL,FWMF,Wolfsburg,19,1,270,3,2.1,0.2,6,5,9,1,70,4,5,1300000,0
288,Daniel Ginczek\Daniel-Ginczek,de GER,FWMF,Wolfsburg,11,1,215,2.4,0.4,0.3,4,1,4,4,57.9,4,0,7500000,0
176,Felix Klaus\Felix-Klaus,de GER,DFMF,Wolfsburg,6,1,137,1.5,0,0,9,5,9,6,80.6,0,0,6000000,0
120,Jérôme Roussillon\Jerome-Roussillon,fr FRA,DF,Wolfsburg,20,14,1229,13.7,0.6,1.5,24,23,37,36,75,16,2,14500000,0
239,João Victor Santos Sá\Joao-Victor-Santos-Sa,br BRA,FW,Wolfsburg,21,3,469,5.2,0.5,1,17,15,24,2,78.5,9,2,8000000,0
24,John Brooks\John-Brooks,us USA,DF,Wolfsburg,32,31,2774,30.8,1.6,0.5,59,63,110,189,84.8,5,4,8500000,0
193,Josip Brekalo\Josip-Brekalo,hr CRO,FW,Wolfsburg,29,22,1814,20.2,3.7,3.4,24,23,42,6,75.3,37,21,11000000,0
455,Josuha Guilavogui\Josuha-Guilavogui,fr FRA,MFDF,Wolfsburg,20,7,747,8.3,0.3,0.1,23,18,44,36,84,4,0,9000000,0
87,Kevin Mbabu\Kevin-Mbabu,ch SUI,DF,Wolfsburg,22,19,1642,18.2,0.5,1.2,53,51,76,86,69.9,13,5,14500000,0
335,Koen Casteels\Koen-Casteels,be BEL,GK,Wolfsburg,32,32,2880,32,0,0,0,1,0,3,75.2,1,0,22500000,70.3
116,Marin Pongračić\Marin-Pongracic,hr CRO,DF,Wolfsburg,10,7,575,6.4,0,0,14,16,36,39,85.4,0,0,11000000,0
78,Maxence Lacroix\Maxence-Lacroix,fr FRA,DF,Wolfsburg,30,29,2590,28.8,1.6,0.4,63,63,139,174,84.1,4,2,1300000,0
371,Maximilian Arnold\Maximilian-Arnold,de GER,MF,Wolfsburg,30,30,2585,28.7,2,4.8,60,40,101,71,80.1,50,16,13500000,0
432,Maximilian Philipp\Maximilian-Philipp,de GER,MF,Wolfsburg,24,13,1111,12.3,3,1.5,13,14,21,3,72.8,15,15,300000,0
221,Omar Marmoush\Omar-Marmoush,eg EGY,FW,Wolfsburg,1,0,1,0,0,0,0,0,0,0,100,0,0,375000,0
106,Paulo Otávio\Paulo-Otavio,br BRA,DF,Wolfsburg,23,19,1737,19.3,0.7,1.9,78,60,119,69,75,16,4,4400000,0
358,Pavao Pervan\Pavao-Pervan,at AUT,GK,Wolfsburg,2,2,180,2,0,0,0,0,0,0,71.8,0,0,3400000,71.4
325,Renato Steffen\Renato-Steffen,ch SUI,FWMF,Wolfsburg,21,19,1566,17.4,4.3,2.5,26,33,39,13,72.8,19,14,10500000,0
254,Ridle Baku\Ridle-Baku,de GER,FWDF,Wolfsburg,32,31,2678,29.8,3.3,4.5,55,75,102,36,75,43,12,550000,0
129,Tim Siersleben\Tim-Siersleben,de GER,DF,Wolfsburg,1,0,34,0.4,0.1,0,2,1,3,4,95.2,0,0,550000,0
250,William\William,br BRA,FW,Wolfsburg,2,0,2,0,0,0,0,0,0,0,0,0,0,8500000,0
249,Wout Weghorst\Wout-Weghorst,nl NED,FW,Wolfsburg,34,33,2941,32.7,17.9,4.9,13,20,19,25,67.8,41,43,19000000,0
442,Xaver Schlager\Xaver-Schlager,at AUT,MF,Wolfsburg,32,30,2626,29.2,2.8,3.3,90,53,137,53,77.2,21,4,10500000,0
478,Yannick Gerhardt\Yannick-Gerhardt,de GER,MFFW,Wolfsburg,29,21,1936,21.5,3.9,3.4,59,32,76,32,74.2,24,11,8000000,0
417,Yunus Mallı\Yunus-Malli,tr TUR,MF,Wolfsburg,1,1,58,0.6,0,0.1,0,0,0,0,84.6,2,0,5500000,0
