Rk,Player,Nation,Pos,Squad,Age,Born,90s,Tkl,TklW,Def 3rd,Mid 3rd,Att 3rd,Tkl,Att,Tkl%,Past,Press,Succ,%,Def 3rd,Mid 3rd,Att 3rd,Blocks,Sh,ShSv,Pass,Int,Tkl+Int,Clr,Err,Matches
1,Issah Abbas\Issah-Abbas,gh GHA,DFFW,Mainz 05,21,1998,0.2,0,0,0,0,0,0,0,,0,3,0,0.0,0,1,2,0,0,0,0,0,0,0,0,Matches
2,David Abraham\David-Abraham,ar ARG,DF,Eint Frankfurt,34,1986,13.6,17,13,10,5,2,8,20,40.0,12,144,64,44.4,81,47,16,26,5,1,21,15,32,33,0,Matches
3,Amir Abrashi\Amir-Abrashi,al ALB,MF,Freiburg,30,1990,0.7,2,1,1,0,1,1,1,100.0,0,13,1,7.7,6,6,1,3,1,0,2,2,4,0,0,Matches
4,Ragnar Ache\Ragnar-Ache,de GER,FWDF,Eint Frankfurt,22,1998,1.1,1,0,0,0,1,0,3,0.0,3,29,5,17.2,1,18,10,2,0,0,2,0,1,1,0,Matches
5,Tyler Adams\Tyler-Adams,us USA,DFMF,RB Leipzig,21,1999,20.6,52,31,19,26,7,15,36,41.7,21,362,118,32.6,94,202,66,37,6,0,31,31,83,40,0,Matches
6,Sargis Adamyan\Sargis-Adamyan,am ARM,FWMF,Hoffenheim,27,1993,5.3,8,5,3,3,2,3,11,27.3,8,81,15,18.5,16,33,32,5,0,0,5,7,15,1,0,Matches
7,Felix Agu\Felix-Agu,de GER,DF,Werder Bremen,20,1999,7.8,27,16,12,11,4,13,24,54.2,11,180,48,26.7,86,63,31,16,3,0,13,21,48,23,0,Matches
8,Naouirou Ahamada\Naouirou-Ahamada,fr FRA,MF,Stuttgart,18,2002,2.8,2,1,1,1,0,2,3,66.7,1,41,12,29.3,15,25,1,5,0,0,5,4,6,1,0,Matches
9,Manuel Akanji\Manuel-Akanji,ch SUI,DF,Dortmund,25,1995,26.1,46,30,28,13,5,16,32,50.0,16,264,99,37.5,136,108,20,38,11,0,27,38,84,106,1,Matches
10,Kevin Akpoguma\Kevin-Akpoguma,ng NGA,DF,Hoffenheim,25,1995,13.2,24,12,15,8,1,9,13,69.2,4,178,64,36.0,80,83,15,39,16,2,23,10,34,44,1,Matches
11,David Alaba\David-Alaba,at AUT,DFMF,Bayern Munich,28,1992,29.7,41,30,13,25,3,12,37,32.4,25,346,131,37.9,120,176,50,47,15,0,32,36,77,94,2,Matches
12,Lucas Alario\Lucas-Alario,ar ARG,FW,Leverkusen,27,1992,13.8,8,6,3,3,2,1,4,25.0,3,152,50,32.9,5,46,101,9,2,0,7,3,11,9,0,Matches
13,Omar Alderete\Omar-Alderete,py PAR,DF,Hertha BSC,23,1996,14.4,21,13,15,6,0,5,16,31.3,11,138,51,37.0,84,48,6,23,11,0,12,14,35,100,2,Matches
14,Nadiem Amiri\Nadiem-Amiri,de GER,MF,Leverkusen,23,1996,21.0,19,13,4,12,3,5,30,16.7,25,322,109,33.9,64,183,75,19,3,0,16,19,38,6,0,Matches
15,Sebastian Andersson\Sebastian-Andersson,se SWE,FW,Köln,29,1991,12.5,5,2,0,3,2,0,6,0.0,6,165,39,23.6,7,81,77,9,2,0,7,3,8,9,0,Matches
16,Robert Andrich\Robert-Andrich,de GER,MF,Union Berlin,25,1994,28.1,61,40,29,26,6,16,43,37.2,27,528,165,31.3,174,292,62,41,8,0,33,58,119,31,1,Matches
17,Angeliño\Angelino,es ESP,DFFW,RB Leipzig,23,1997,24.0,41,18,15,23,3,8,24,33.3,16,261,95,36.4,85,114,62,41,1,0,40,32,73,42,1,Matches
18,Waldemar Anton\Waldemar-Anton,de GER,DF,Stuttgart,24,1996,30.1,36,23,24,11,1,10,33,30.3,23,283,97,34.3,173,97,13,57,20,2,37,50,86,132,0,Matches
19,Charles Aránguiz\Charles-Aranguiz,cl CHI,MF,Leverkusen,31,1989,18.5,44,29,18,20,6,15,50,30.0,35,393,128,32.6,146,204,43,35,4,0,31,27,71,26,0,Matches
20,Santiago Arias\Santiago-Arias,co COL,DF,Leverkusen,28,1992,1.0,4,4,2,1,1,0,0,,0,13,5,38.5,6,6,1,3,0,0,3,0,4,3,0,Matches
21,Maximilian Arnold\Maximilian-Arnold,de GER,MF,Wolfsburg,26,1994,28.7,60,42,23,31,6,22,54,40.7,32,534,186,34.8,169,277,88,40,4,1,36,41,101,71,0,Matches
22,Toluwalas Arokodare\Toluwalas-Arokodare,ng NGA,FW,Köln,19,2000,1.2,1,1,0,0,1,0,0,,0,18,7,38.9,1,7,10,1,0,0,1,0,1,0,0,Matches
23,Santiago Ascacíbar\Santiago-Ascacibar,ar ARG,MF,Hertha BSC,23,1997,8.5,34,16,18,15,1,12,34,35.3,22,251,67,26.7,109,117,25,20,2,0,18,11,45,19,0,Matches
24,Ludwig Augustinsson\Ludwig-Augustinsson,se SWE,DF,Werder Bremen,26,1994,21.7,42,17,22,14,6,16,32,50.0,16,277,98,35.4,115,103,59,50,8,0,42,14,56,67,0,Matches
25,Taiwo Awoniyi\Taiwo-Awoniyi,ng NGA,FW,Union Berlin,22,1997,15.1,8,6,4,4,0,1,12,8.3,11,207,75,36.2,23,99,85,14,2,0,12,4,12,4,0,Matches
26,Mehmet-Can Aydin\Mehmet-Can-Aydin,de GER,DF,Schalke 04,18,2002,5.6,14,6,5,9,0,5,12,41.7,7,91,24,26.4,39,37,15,10,0,0,10,9,23,16,0,Matches
27,Leon Bailey\Leon-Bailey,jm JAM,FWMF,Leverkusen,22,1997,23.8,21,12,5,10,6,6,19,31.6,13,247,74,30.0,42,111,94,15,0,0,15,18,39,9,0,Matches
28,Ridle Baku\Ridle-Baku,de GER,DF,Mainz 05,22,1998,2.0,5,2,3,2,0,0,5,0.0,5,22,6,27.3,11,9,2,5,0,0,5,4,9,5,0,Matches
29,Ridle Baku\Ridle-Baku,de GER,FWDF,Wolfsburg,22,1998,29.8,55,27,22,26,7,22,53,41.5,31,518,161,31.1,157,191,170,75,4,0,71,47,102,36,1,Matches
30,Philipp Bargfrede\Philipp-Bargfrede,de GER,MF,Werder Bremen,31,1989,0.3,1,1,0,1,0,0,0,,0,10,7,70.0,6,4,0,0,0,0,0,1,2,2,0,Matches
31,Aymen Barkok\Aymen-Barkok,ma MAR,FWMF,Eint Frankfurt,22,1998,10.9,31,18,12,7,12,10,30,33.3,20,289,85,29.4,58,124,107,20,1,0,19,14,45,9,0,Matches
32,Leandro Barreiro Martins\Leandro-Barreiro-Martins,lu LUX,MF,Mainz 05,20,2000,25.6,68,39,27,27,14,15,49,30.6,34,580,173,29.8,172,287,121,61,12,0,49,50,118,63,0,Matches
33,Jacob Barrett Laursen\Jacob-Barrett-Laursen,dk DEN,DF,Arminia,25,1994,12.3,21,13,11,9,1,6,14,42.9,8,152,41,27.0,79,55,18,40,6,0,34,23,44,37,0,Matches
34,Oliver Baumann\Oliver-Baumann,de GER,GK,Hoffenheim,30,1990,31.0,0,0,0,0,0,0,0,,0,5,1,20.0,5,0,0,0,0,0,0,0,0,2,0,Matches
35,Julian Baumgartlinger\Julian-Baumgartlinger,at AUT,MF,Leverkusen,32,1988,11.9,46,28,18,25,3,16,34,47.1,18,198,83,41.9,57,115,26,20,0,0,20,17,63,19,0,Matches
36,Christoph Baumgartner\Christoph-Baumgartner,at AUT,MFFW,Hoffenheim,20,1999,26.3,53,38,20,23,10,14,60,23.3,46,572,183,32.0,121,282,169,46,9,0,37,19,72,19,0,Matches
37,Noah Joel Sarenren Bazee\Noah-Joel-Sarenren-Bazee,ng NGA,FWMF,Augsburg,23,1996,0.4,1,1,0,1,0,1,1,100.0,0,10,3,30.0,1,9,0,1,0,0,1,2,3,0,0,Matches
38,Ihlas Bebou\Ihlas-Bebou,tg TOG,FW,Hoffenheim,26,1994,24.4,30,20,8,12,10,8,15,53.3,7,361,116,32.1,34,140,187,26,7,0,19,13,43,21,1,Matches
39,Sheraldo Becker\Sheraldo-Becker,sr SUR,FWMF,Union Berlin,25,1995,12.3,8,7,3,3,2,3,5,60.0,2,129,39,30.2,22,62,45,10,0,0,10,5,13,5,0,Matches
40,Timo Becker\Timo-Becker,de GER,DF,Schalke 04,23,1997,18.2,38,19,34,4,0,15,29,51.7,14,265,87,32.8,149,93,23,42,5,0,37,34,72,49,1,Matches
41,Brian Behrendt\Brian-Behrendt,de GER,DF,Arminia,28,1991,0.9,2,1,0,2,0,0,1,0.0,1,13,3,23.1,5,8,0,0,0,0,0,0,2,1,0,Matches
42,Maximilian Beier\Maximilian-Beier,de GER,FW,Hoffenheim,17,2002,0.1,0,0,0,0,0,0,0,,0,5,2,40.0,0,3,2,0,0,0,0,0,0,0,0,Matches
43,Ishak Belfodil\Ishak-Belfodil,dz ALG,FW,Hoffenheim,28,1992,6.6,3,2,1,0,2,0,1,0.0,1,54,13,24.1,5,13,36,3,1,0,2,0,3,4,0,Matches
44,Stefan Bell\Stefan-Bell,de GER,DF,Mainz 05,28,1991,14.1,25,17,20,5,0,10,20,50.0,10,130,57,43.8,77,47,6,23,12,0,11,38,63,127,1,Matches
45,Karim Bellarabi\Karim-Bellarabi,de GER,FWMF,Leverkusen,30,1990,8.9,16,12,4,5,7,4,22,18.2,18,144,39,27.1,31,66,47,11,0,0,11,13,29,8,0,Matches
46,Jude Bellingham\Jude-Bellingham,eng ENG,MF,Dortmund,17,2003,18.9,54,37,14,27,13,18,50,36.0,32,434,126,29.0,96,231,107,40,6,0,34,21,75,20,0,Matches
47,Lars Bender\Lars-Bender,de GER,DF,Leverkusen,31,1989,10.4,19,13,11,6,2,9,22,40.9,13,132,44,33.3,49,63,20,26,7,0,19,8,27,27,0,Matches
48,Sven Bender\Sven-Bender,de GER,DF,Leverkusen,31,1989,13.0,18,12,9,6,3,6,19,31.6,13,131,48,36.6,59,65,7,26,9,0,17,14,32,64,0,Matches
49,László Bénes\Laszlo-Benes,sk SVK,MFFW,Augsburg,22,1997,7.3,7,5,5,2,0,3,7,42.9,4,130,37,28.5,36,75,19,7,2,0,5,9,16,4,1,Matches
50,László Bénes\Laszlo-Benes,sk SVK,MF,M'Gladbach,22,1997,1.7,6,2,5,1,0,2,3,66.7,1,20,5,25.0,7,12,1,3,1,0,2,4,10,2,0,Matches
51,Ramy Bensebaini\Ramy-Bensebaini,dz ALG,DF,M'Gladbach,25,1995,20.1,45,25,31,11,3,30,52,57.7,22,255,73,28.6,126,98,31,55,9,0,46,63,108,107,1,Matches
52,Nabil Bentaleb\Nabil-Bentaleb,dz ALG,MF,Schalke 04,25,1994,6.1,13,6,7,5,1,3,16,18.8,13,113,24,21.2,49,46,18,11,2,0,9,3,16,7,0,Matches
53,Louis Beyer\Louis-Beyer,de GER,DF,M'Gladbach,20,2000,2.1,3,2,1,2,0,2,3,66.7,1,28,9,32.1,14,14,0,5,4,0,1,6,9,11,0,Matches
54,Bartosz Bialek\Bartosz-Bialek,pl POL,FWMF,Wolfsburg,18,2001,3.0,6,6,1,4,1,4,7,57.1,3,69,28,40.6,7,36,26,5,0,0,5,3,9,1,0,Matches
55,Ermin Bičakčić\Ermin-Bicakcic,ba BIH,DF,Hoffenheim,30,1990,1.4,1,0,0,1,0,1,2,50.0,1,19,5,26.3,12,4,3,3,1,0,2,1,2,9,0,Matches
56,Leonardo Bittencourt\Leonardo-Bittencourt,de GER,MFFW,Werder Bremen,26,1993,16.8,59,31,23,26,10,10,34,29.4,24,503,123,24.5,136,253,114,33,3,0,30,14,73,8,0,Matches
57,Jérôme Boateng\Jerome-Boateng,de GER,DF,Bayern Munich,31,1988,26.3,29,17,17,12,0,9,32,28.1,23,196,73,37.2,92,97,7,36,19,0,17,48,77,109,0,Matches
58,Jean-Paul Boëtius\Jean-Paul-Boetius,nl NED,MFFW,Mainz 05,26,1994,22.9,49,31,13,23,13,12,47,25.5,35,465,141,30.3,102,219,144,44,3,0,41,25,74,16,1,Matches
59,Melayro Bogarde\Melayro-Bogarde,nl NED,DFMF,Hoffenheim,18,2002,3.1,7,5,2,4,1,4,11,36.4,7,47,17,36.2,24,18,5,2,0,0,2,3,10,6,0,Matches
60,Elias Bördner\Elias-Bordner,de GER,GK,Eint Frankfurt,18,2002,1.0,0,0,0,0,0,0,0,,0,0,0,,0,0,0,0,0,0,0,0,0,0,0,Matches
61,Dennis Borkowski\Dennis-Borkowski,de GER,MF,RB Leipzig,18,2002,0.1,0,0,0,0,0,0,0,,0,2,1,50.0,0,2,0,0,0,0,0,0,0,0,0,Matches
62,Sebastiaan Bornauw\Sebastiaan-Bornauw,be BEL,DF,Köln,21,1999,23.1,37,20,30,7,0,15,27,55.6,12,199,79,39.7,133,58,8,48,28,1,20,24,61,137,0,Matches
63,Nassim Boujellab\Nassim-Boujellab,ma MAR,MFFW,Schalke 04,21,1999,6.7,17,13,5,11,1,1,8,12.5,7,170,48,28.2,31,78,61,16,3,0,13,6,23,10,1,Matches
64,Dedryck Boyata\Dedryck-Boyata,be BEL,DF,Hertha BSC,29,1990,17.2,17,8,10,6,1,4,12,33.3,8,90,29,32.2,61,29,0,36,22,2,14,17,34,80,2,Matches
65,Can Bozdogan\Can-Bozdogan,de GER,MF,Schalke 04,19,2001,7.2,26,19,12,12,2,9,20,45.0,11,231,64,27.7,78,123,30,16,2,0,14,5,31,5,0,Matches
66,Julian Brandt\Julian-Brandt,de GER,FWMF,Dortmund,24,1996,16.6,31,17,16,12,3,15,40,37.5,25,315,100,31.7,85,156,74,27,1,0,26,14,45,7,0,Matches
67,Fabian Bredlow\Fabian-Bredlow,de GER,GK,Stuttgart,25,1995,1.0,0,0,0,0,0,0,0,,0,0,0,,0,0,0,0,0,0,0,0,0,0,0,Matches
68,Josip Brekalo\Josip-Brekalo,hr CRO,FW,Wolfsburg,22,1998,20.2,24,16,13,8,3,7,28,25.0,21,337,108,32.0,79,157,101,23,0,0,23,18,42,6,0,Matches
69,Joshua Brenet\Joshua-Brenet,nl NED,DF,Hoffenheim,26,1994,0.0,0,0,0,0,0,0,0,,0,0,0,,0,0,0,0,0,0,0,0,0,0,0,Matches
70,John Brooks\John-Brooks,us USA,DF,Wolfsburg,27,1993,30.8,59,37,43,16,0,30,66,45.5,36,279,113,40.5,160,111,8,63,14,0,49,51,110,189,2,Matches
71,Daniel Brosinski\Daniel-Brosinski,de GER,DF,Mainz 05,32,1988,15.9,19,7,10,8,1,12,38,31.6,26,142,43,30.3,50,68,24,34,2,0,32,13,32,40,0,Matches
72,Cédric Brunner\Cedric-Brunner,ch SUI,DF,Arminia,26,1994,29.5,51,29,33,15,3,26,48,54.2,22,355,93,26.2,178,143,34,66,9,0,57,29,80,119,1,Matches
73,Jacob Bruun Larsen\Jacob-Bruun-Larsen,dk DEN,FW,Hoffenheim,21,1998,1.0,0,0,0,0,0,0,1,0.0,1,27,4,14.8,4,9,14,0,0,0,0,0,0,0,0,Matches
74,Marius Bülter\Marius-Bulter,de GER,FWMF,Union Berlin,27,1993,10.9,17,9,8,5,4,2,18,11.1,16,189,51,27.0,54,92,43,18,1,0,17,7,24,12,0,Matches
75,Jonathan Burkardt\Jonathan-Burkardt,de GER,FWDF,Mainz 05,20,2000,15.3,30,15,13,14,3,9,24,37.5,15,290,85,29.3,52,127,111,24,5,0,19,5,35,14,0,Matches
76,Nishan Burkart\Nishan-Burkart,ch SUI,MF,Freiburg,20,2000,0.2,0,0,0,0,0,0,1,0.0,1,6,1,16.7,2,2,2,0,0,0,0,0,0,0,0,Matches
77,Roman Bürki\Roman-Burki,ch SUI,GK,Dortmund,29,1990,18.5,0,0,0,0,0,0,0,,0,1,0,0.0,1,0,0,0,0,0,0,0,0,0,0,Matches
78,Kerim Calhanoglu\Kerim-Calhanoglu,de GER,DF,Schalke 04,17,2002,3.3,5,2,3,1,1,1,5,20.0,4,41,14,34.1,18,16,7,7,0,0,7,6,11,6,0,Matches
79,Daniel Caligiuri\Daniel-Caligiuri,it ITA,MFFW,Augsburg,32,1988,29.6,81,47,34,35,12,30,96,31.3,66,633,175,27.6,214,307,112,71,5,0,66,42,123,42,0,Matches
80,Emre Can\Emre-Can,de GER,DFMF,Dortmund,26,1994,23.7,55,42,25,21,9,18,40,45.0,22,303,118,38.9,129,138,36,41,12,0,29,40,95,72,0,Matches
81,Koen Casteels\Koen-Casteels,be BEL,GK,Wolfsburg,28,1992,32.0,0,0,0,0,0,0,2,0.0,2,3,0,0.0,2,1,0,1,0,0,1,0,0,3,2,Matches
82,Gonzalo Castro\Gonzalo-Castro,de GER,MFFW,Stuttgart,33,1987,19.2,14,11,3,9,2,4,25,16.0,21,239,81,33.9,43,114,82,26,5,0,21,10,24,14,0,Matches
83,Sava Cestic\Sava-Cestic,rs SRB,DF,Köln,19,2001,10.0,21,14,16,4,1,7,19,36.8,12,111,36,32.4,83,25,3,20,6,0,14,29,50,54,0,Matches
84,Timothy Chandler\Timothy-Chandler,us USA,DF,Eint Frankfurt,30,1990,4.8,3,1,1,1,1,1,5,20.0,4,48,8,16.7,16,17,15,7,2,0,5,2,5,6,0,Matches
85,Kwon Chang-hoon\Kwon-Chang-hoon,kr KOR,MFFW,Freiburg,26,1994,2.4,5,2,1,2,2,1,3,33.3,2,69,15,21.7,12,34,23,4,1,0,3,5,10,2,0,Matches
86,Tahith Chong\Tahith-Chong,nl NED,FWMF,Werder Bremen,20,1999,4.3,12,8,3,7,2,4,8,50.0,4,96,32,33.3,14,60,22,3,0,0,3,3,15,2,0,Matches
87,Darko Churlinov\Darko-Churlinov,mk MKD,DFFW,Stuttgart,20,2000,2.4,3,1,1,1,1,0,3,0.0,3,37,15,40.5,10,9,18,9,1,0,8,1,4,4,0,Matches
88,Tim Civeja\Tim-Civeja,de GER,MFDF,Augsburg,18,2002,0.4,0,0,0,0,0,0,1,0.0,1,6,2,33.3,3,3,0,1,0,0,1,1,1,1,0,Matches
89,Kingsley Coman\Kingsley-Coman,fr FRA,FWMF,Bayern Munich,24,1996,19.5,20,12,9,9,2,8,27,29.6,19,320,102,31.9,56,133,131,24,0,0,24,12,32,5,0,Matches
90,Jhon Córdoba\Jhon-Cordoba,co COL,FW,Hertha BSC,27,1993,17.1,11,4,1,5,5,2,9,22.2,7,266,78,29.3,20,128,118,16,2,0,14,9,20,4,0,Matches
91,Sergio Córdova\Sergio-Cordova,ve VEN,FWMF,Arminia,22,1997,12.1,16,11,1,9,6,3,14,21.4,11,269,57,21.2,21,150,98,14,2,0,12,6,22,14,0,Matches
92,Danny da Costa\Danny-da-Costa,de GER,DF,Mainz 05,27,1993,13.4,25,10,11,7,7,10,26,38.5,16,187,48,25.7,81,66,40,17,2,0,15,22,47,39,0,Matches
93,Danny da Costa\Danny-da-Costa,de GER,DF,Eint Frankfurt,27,1993,1.2,2,2,2,0,0,0,1,0.0,1,25,6,24.0,9,12,4,4,1,0,3,0,2,4,0,Matches
94,Douglas Costa\Douglas-Costa,br BRA,FWMF,Bayern Munich,29,1990,3.6,2,2,1,1,0,0,2,0.0,2,67,18,26.9,5,32,30,8,1,0,7,3,5,0,0,Matches
95,Tanguy Coulibaly\Tanguy-Coulibaly,fr FRA,DFFW,Stuttgart,19,2001,16.7,38,20,18,8,12,14,30,46.7,16,362,94,26.0,93,136,133,26,0,0,26,7,45,15,0,Matches
96,Mickaël Cuisance\Mickael-Cuisance,fr FRA,FW,Bayern Munich,20,1999,0.2,0,0,0,0,0,0,0,,0,4,1,25.0,0,1,3,1,0,0,1,0,0,0,0,Matches
97,Matheus Cunha\Matheus-Cunha,br BRA,FWMF,Hertha BSC,21,1999,23.9,39,30,10,22,7,12,51,23.5,39,492,136,27.6,120,211,161,38,4,0,34,35,74,6,0,Matches
98,Rafael Czichos\Rafael-Czichos,de GER,DF,Köln,30,1990,25.1,63,37,41,21,1,20,44,45.5,24,272,108,39.7,164,103,5,41,10,0,31,38,101,144,0,Matches
99,Moanes Dabour\Moanes-Dabour,il ISR,FW,Hoffenheim,28,1992,11.1,12,8,5,4,3,4,15,26.7,11,188,60,31.9,21,91,76,10,1,0,9,6,18,5,0,Matches
100,Finn Dahmen\Finn-Dahmen,de GER,GK,Mainz 05,22,1998,3.0,0,0,0,0,0,0,1,0.0,1,1,0,0.0,1,0,0,0,0,0,0,0,0,0,0,Matches
101,Mahmoud Dahoud\Mahmoud-Dahoud,de GER,MF,Dortmund,24,1996,14.0,36,24,12,20,4,11,38,28.9,27,296,82,27.7,83,172,41,31,7,0,24,21,57,14,0,Matches
102,Leon Dajaku\Leon-Dajaku,de GER,FW,Union Berlin,19,2001,0.4,1,1,0,1,0,0,0,,0,7,1,14.3,0,7,0,0,0,0,0,0,1,0,0,Matches
103,Tiago Dantas\Tiago-Dantas,pt POR,MF,Bayern Munich,19,2000,0.8,0,0,0,0,0,0,0,,0,10,2,20.0,5,4,1,0,0,0,0,1,1,0,0,Matches
104,Márton Dárdai\Marton-Dardai,de GER,DF,Hertha BSC,18,2002,9.1,18,11,12,5,1,8,16,50.0,8,90,26,28.9,51,35,4,14,3,0,11,15,33,41,0,Matches
105,Vladimír Darida\Vladimir-Darida,cz CZE,MF,Hertha BSC,29,1990,21.1,37,24,17,15,5,9,35,25.7,26,407,131,32.2,99,219,89,35,2,0,33,32,69,24,0,Matches
106,Alphonso Davies\Alphonso-Davies,ca CAN,DF,Bayern Munich,19,2000,19.6,48,38,18,22,8,20,30,66.7,10,246,98,39.8,91,96,59,44,1,0,43,46,94,34,1,Matches
107,Thomas Delaney\Thomas-Delaney,dk DEN,MF,Dortmund,28,1991,14.3,49,37,19,22,8,16,35,45.7,19,274,100,36.5,105,135,34,33,10,0,23,24,73,28,1,Matches
108,Kerem Demirbay\Kerem-Demirbay,de GER,MF,Leverkusen,27,1993,19.4,51,35,14,31,6,15,44,34.1,29,444,161,36.3,107,239,98,25,4,0,21,13,64,10,1,Matches
109,Ermedin Demirović\Ermedin-Demirovic,ba BIH,FW,Freiburg,22,1998,16.6,17,13,4,6,7,1,19,5.3,18,376,96,25.5,32,161,183,31,5,0,26,5,22,23,1,Matches
110,Emmanuel Dennis\Emmanuel-Dennis,ng NGA,FW,Köln,22,1997,5.3,12,7,5,2,5,2,6,33.3,4,131,29,22.1,16,53,62,5,0,0,5,3,15,0,0,Matches
111,Mike van der Hoorn\Mike-van-der-Hoorn,nl NED,DF,Arminia,27,1992,15.1,8,7,2,6,0,1,5,20.0,4,79,32,40.5,50,27,2,22,7,0,15,8,16,102,1,Matches
112,Moussa Diaby\Moussa-Diaby,fr FRA,FWMF,Leverkusen,21,1999,26.5,13,7,6,5,2,2,16,12.5,14,283,73,25.8,40,130,113,16,0,0,16,19,32,10,0,Matches
113,Daniel Didavi\Daniel-Didavi,de GER,FWMF,Stuttgart,30,1990,10.8,15,7,3,8,4,2,9,22.2,7,177,55,31.1,30,61,86,11,0,0,11,6,21,9,0,Matches
114,Javairô Dilrosun\Javairo-Dilrosun,nl NED,FWMF,Hertha BSC,22,1998,5.9,8,5,2,2,4,3,6,50.0,3,121,33,27.3,26,57,38,7,0,0,7,6,14,2,0,Matches
115,Eren Dinkçi\Eren-Dinkci,de GER,FWMF,Werder Bremen,18,2001,1.2,2,0,1,0,1,0,2,0.0,2,41,2,4.9,9,19,13,3,0,0,3,3,5,1,0,Matches
116,Ritsu Doan\Ritsu-Doan,jp JPN,MFFW,Arminia,22,1998,30.8,63,44,24,30,9,17,55,30.9,38,649,202,31.1,173,292,184,56,4,0,52,26,89,12,0,Matches
117,Ji Dong-won\Ji-Dong-won,kr KOR,FW,Mainz 05,29,1991,0.7,2,0,1,0,1,1,1,100.0,0,11,4,36.4,3,4,4,0,0,0,0,0,2,0,0,Matches
118,Bas Dost\Bas-Dost,nl NED,FW,Eint Frankfurt,31,1989,9.1,4,4,2,2,0,1,4,25.0,3,89,31,34.8,4,45,40,7,1,0,6,2,6,8,0,Matches
119,Aleksandar Dragović\Aleksandar-Dragovic,at AUT,DF,Leverkusen,29,1991,12.6,17,10,6,8,3,6,12,50.0,6,123,49,39.8,46,61,16,22,6,0,16,15,32,49,0,Matches
120,Dominick Drexler\Dominick-Drexler,de GER,MFFW,Köln,30,1990,13.7,33,23,10,17,6,8,31,25.8,23,281,83,29.5,82,128,71,19,5,0,14,18,51,17,0,Matches
121,Ondrej Duda\Ondrej-Duda,sk SVK,FWMF,Köln,25,1994,28.2,51,29,16,28,7,13,46,28.3,33,526,126,24.0,88,300,138,32,2,0,30,19,70,20,0,Matches
122,Erik Durm\Erik-Durm,de GER,DF,Eint Frankfurt,28,1992,16.4,21,16,7,12,2,7,27,25.9,20,227,79,34.8,76,89,62,32,6,0,26,23,44,25,0,Matches
123,Johannes Eggestein\Johannes-Eggestein,de GER,FWMF,Werder Bremen,22,1998,0.4,0,0,0,0,0,0,1,0.0,1,15,5,33.3,3,5,7,0,0,0,0,0,0,2,0,Matches
124,Maximilian Eggestein\Maximilian-Eggestein,de GER,MF,Werder Bremen,23,1996,32.7,60,44,21,30,9,14,44,31.8,30,512,165,32.2,188,246,78,58,4,0,54,43,103,47,0,Matches
125,Lilian Egloff\Lilian-Egloff,de GER,MF,Stuttgart,17,2002,0.2,0,0,0,0,0,0,0,,0,3,1,33.3,0,3,0,0,0,0,0,0,0,0,0,Matches
126,Kingsley Ehizibue\Kingsley-Ehizibue,nl NED,DF,Köln,25,1995,12.6,36,21,24,10,2,14,26,53.8,12,192,60,31.3,81,84,27,24,4,0,20,17,53,48,1,Matches
127,Nico Elvedi\Nico-Elvedi,ch SUI,DF,M'Gladbach,23,1996,28.2,61,33,42,18,1,27,42,64.3,15,224,90,40.2,137,83,4,58,23,0,35,64,125,174,0,Matches
128,Breel Embolo\Breel-Embolo,ch SUI,FWMF,M'Gladbach,23,1997,16.0,22,14,4,15,3,4,6,66.7,2,283,66,23.3,19,154,110,15,1,0,14,6,28,6,0,Matches
129,Keita Endo\Keita-Endo,jp JPN,MFFW,Union Berlin,22,1997,5.1,8,4,2,4,2,2,10,20.0,8,98,26,26.5,29,47,22,12,2,0,10,9,17,6,0,Matches
130,Wataru Endo\Wataru-Endo,jp JPN,MF,Stuttgart,27,1993,32.8,89,62,36,42,11,31,77,40.3,46,640,232,36.3,236,326,78,64,12,0,52,47,136,73,1,Matches
131,Patrick Erras\Patrick-Erras,de GER,FWMF,Werder Bremen,25,1995,0.3,0,0,0,0,0,0,1,0.0,1,3,3,100.0,0,1,2,1,0,0,1,0,0,0,0,Matches
132,Ralf Fährmann\Ralf-Fahrmann,de GER,GK,Schalke 04,31,1988,20.8,0,0,0,0,0,0,1,0.0,1,4,1,25.0,4,0,0,0,0,0,0,0,0,0,0,Matches
133,Ohis Felix Uduokhai\Ohis-Felix-Uduokhai,de GER,DF,Augsburg,22,1997,29.0,40,24,26,11,3,16,32,50.0,16,275,112,40.7,153,100,22,68,27,0,41,36,76,219,3,Matches
134,Edimilson Fernandes\Edimilson-Fernandes,ch SUI,MFDF,Mainz 05,24,1996,9.3,9,5,4,5,0,3,10,30.0,7,115,35,30.4,38,55,22,19,6,0,13,23,32,26,0,Matches
135,Alfreð Finnbogason\Alfred-Finnbogason,is ISL,FW,Augsburg,31,1989,6.0,3,1,0,2,1,1,3,33.3,2,84,31,36.9,16,38,30,9,2,0,7,1,4,4,0,Matches
136,Mark Flekken\Mark-Flekken,nl NED,GK,Freiburg,27,1993,3.0,0,0,0,0,0,0,0,,0,0,0,,0,0,0,0,0,0,0,0,0,0,0,Matches
137,Florian Flick\Florian-Flick,de GER,MF,Schalke 04,20,2000,4.0,9,7,3,6,0,4,13,30.8,9,109,36,33.0,65,42,2,7,2,0,5,6,15,11,0,Matches
138,Emil Forsberg\Emil-Forsberg,se SWE,FWMF,RB Leipzig,28,1991,17.1,14,8,1,7,6,3,24,12.5,21,327,98,30.0,32,140,155,15,1,0,14,7,21,3,0,Matches
139,Philipp Förster\Philipp-Forster,de GER,FWMF,Stuttgart,25,1995,16.8,30,22,12,15,3,7,24,29.2,17,290,78,26.9,66,126,98,23,2,0,21,16,46,6,0,Matches
140,Timothy Fosu-Mensah\Timothy-Fosu-Mensah,nl NED,DF,Leverkusen,22,1998,4.5,9,5,5,3,1,4,6,66.7,2,38,17,44.7,14,19,5,13,1,0,12,6,15,6,0,Matches
141,Raphael Framberger\Raphael-Framberger,de GER,DF,Augsburg,24,1995,17.1,41,16,22,12,7,15,30,50.0,15,208,54,26.0,106,73,29,63,6,0,57,27,68,64,1,Matches
142,Marco Friedl\Marco-Friedl,at AUT,DF,Werder Bremen,22,1998,30.9,67,43,40,24,3,30,63,47.6,33,344,99,28.8,201,125,18,67,19,0,48,62,129,145,1,Matches
143,Marvin Friedrich\Marvin-Friedrich,de GER,DF,Union Berlin,24,1995,34.0,61,39,38,23,0,21,43,48.8,22,383,153,39.9,204,147,32,68,21,0,47,44,105,135,0,Matches
144,Jeremie Frimpong\Jeremie-Frimpong,nl NED,DFFW,Leverkusen,19,2000,4.8,7,3,4,3,0,3,7,42.9,4,82,28,34.1,24,29,29,8,0,0,8,3,10,9,0,Matches
145,Niclas Füllkrug\Niclas-Fullkrug,de GER,FWMF,Werder Bremen,27,1993,9.7,8,5,1,6,1,3,19,15.8,16,196,46,23.5,14,94,88,15,6,0,9,4,12,11,0,Matches
146,Mijat Gaćinović\Mijat-Gacinovic,rs SRB,DFMF,Hoffenheim,25,1995,9.1,18,9,7,10,1,7,21,33.3,14,150,51,34.0,50,62,38,21,1,0,20,17,35,16,0,Matches
147,Christian Gebauer\Christian-Gebauer,at AUT,MFFW,Arminia,26,1993,7.6,12,6,4,6,2,2,11,18.2,9,142,40,28.2,41,60,41,9,1,0,8,8,20,19,0,Matches
148,Theodor Gebre Selassie\Theodor-Gebre-Selassie,cz CZE,DF,Werder Bremen,33,1986,33.7,71,34,47,14,10,29,72,40.3,43,490,145,29.6,243,162,85,71,13,0,58,61,132,122,1,Matches
149,Emrehan Gedikli\Emrehan-Gedikli,de GER,FW,Leverkusen,17,2003,0.3,0,0,0,0,0,0,0,,0,5,2,40.0,0,2,3,0,0,0,0,0,0,0,0,Matches
150,Dennis Geiger\Dennis-Geiger,de GER,MF,Hoffenheim,22,1998,7.3,18,11,3,12,3,6,13,46.2,7,145,45,31.0,27,79,39,9,0,0,9,5,23,1,0,Matches
151,Christian Gentner\Christian-Gentner,de GER,MF,Union Berlin,34,1985,11.5,21,12,11,3,7,6,20,30.0,14,210,73,34.8,54,93,63,19,3,0,16,13,34,26,0,Matches
152,Yannick Gerhardt\Yannick-Gerhardt,de GER,MFFW,Wolfsburg,26,1994,21.5,59,37,18,30,11,15,47,31.9,32,557,179,32.1,121,292,144,32,2,0,30,17,76,32,0,Matches
153,Hamadi Al Ghaddioui\Hamadi-Al-Ghaddioui,ma MAR,FWMF,Stuttgart,29,1990,0.5,0,0,0,0,0,0,1,0.0,1,9,3,33.3,2,3,4,0,0,0,0,0,0,0,0,Matches
154,Niko Gießelmann\Niko-Giesselmann,de GER,DF,Union Berlin,28,1991,4.8,18,9,13,3,2,6,8,75.0,2,78,20,25.6,36,24,18,9,2,0,7,8,26,18,1,Matches
155,Rafał Gikiewicz\Rafal-Gikiewicz,pl POL,GK,Augsburg,32,1987,34.0,0,0,0,0,0,0,3,0.0,3,7,3,42.9,7,0,0,2,0,0,2,0,0,0,1,Matches
156,Daniel Ginczek\Daniel-Ginczek,de GER,FWMF,Wolfsburg,29,1991,2.4,4,2,1,3,0,1,10,10.0,9,66,14,21.2,6,35,25,1,0,0,1,0,4,4,0,Matches
157,Matthias Ginter\Matthias-Ginter,de GER,DF,M'Gladbach,26,1994,34.0,30,18,16,13,1,11,28,39.3,17,178,72,40.4,94,71,13,57,32,3,25,39,69,183,0,Matches
158,Robert Glatzel\Robert-Glatzel,de GER,FW,Mainz 05,26,1994,4.0,3,1,1,1,1,1,5,20.0,4,94,22,23.4,8,48,38,2,0,0,2,2,5,3,0,Matches
159,Serge Gnabry\Serge-Gnabry,de GER,FWMF,Bayern Munich,25,1995,18.3,37,23,10,16,11,11,32,34.4,21,298,92,30.9,48,127,123,20,1,0,19,23,60,2,0,Matches
160,Akaki Gogia\Akaki-Gogia,de GER,FW,Union Berlin,28,1992,1.6,2,1,0,2,0,0,1,0.0,1,20,3,15.0,1,15,4,1,0,0,1,0,2,1,0,Matches
161,Nicolás González\Nicolas-Gonzalez,ar ARG,FWDF,Stuttgart,22,1998,10.4,5,5,2,2,1,0,8,0.0,8,119,26,21.8,18,38,63,15,4,0,11,3,8,7,0,Matches
162,Leon Goretzka\Leon-Goretzka,de GER,MF,Bayern Munich,25,1995,18.9,47,28,17,26,4,13,35,37.1,22,307,111,36.2,89,160,58,41,2,0,39,49,96,19,0,Matches
163,Jeffrey Gouweleeuw\Jeffrey-Gouweleeuw,nl NED,DF,Augsburg,29,1991,31.5,39,32,21,15,3,12,31,38.7,19,269,96,35.7,151,104,14,54,20,0,34,51,90,220,3,Matches
164,Demarai Gray\Demarai-Gray,eng ENG,FW,Leverkusen,24,1996,4.9,3,3,1,1,1,0,3,0.0,3,43,15,34.9,7,16,20,1,0,0,1,2,5,7,0,Matches
165,Michael Gregoritsch\Michael-Gregoritsch,at AUT,FWMF,Augsburg,26,1994,9.3,14,10,4,10,0,1,8,12.5,7,182,52,28.6,22,117,43,7,1,0,6,1,15,14,0,Matches
166,Sebastian Griesbeck\Sebastian-Griesbeck,de GER,MF,Union Berlin,29,1990,9.9,25,14,12,11,2,7,25,28.0,18,193,55,28.5,67,94,32,16,3,0,13,5,30,11,0,Matches
167,Vincenzo Grifo\Vincenzo-Grifo,it ITA,MFFW,Freiburg,27,1993,25.7,21,12,8,9,4,13,41,31.7,28,261,59,22.6,63,108,90,29,1,0,28,26,47,18,1,Matches
168,Lennart Grill\Lennart-Grill,de GER,GK,Leverkusen,21,1999,4.0,0,0,0,0,0,0,0,,0,1,0,0.0,1,0,0,0,0,0,0,0,0,0,0,Matches
169,Florian Grillitsch\Florian-Grillitsch,at AUT,MFDF,Hoffenheim,24,1995,20.9,38,25,22,15,1,9,48,18.8,39,337,102,30.3,112,168,57,50,8,0,42,47,85,54,0,Matches
170,Christian Groß\Christian-Gross,de GER,MFDF,Werder Bremen,31,1989,16.3,48,34,22,24,2,15,38,39.5,23,319,111,34.8,137,153,29,19,2,0,17,30,78,52,0,Matches
171,Ilia Gruev\Ilia-Gruev,bg BUL,FW,Werder Bremen,20,2000,0.0,0,0,0,0,0,0,0,,0,1,0,0.0,1,0,0,0,0,0,0,0,0,0,0,Matches
172,Carlos Gruezo\Carlos-Gruezo,ec ECU,MF,Augsburg,25,1995,23.2,75,47,32,39,4,26,61,42.6,35,464,151,32.5,183,235,46,43,5,0,38,36,111,29,1,Matches
173,Mattéo Guendouzi\Matteo-Guendouzi,fr FRA,MF,Hertha BSC,21,1999,20.2,27,24,14,9,4,5,22,22.7,17,271,92,33.9,88,131,52,33,5,0,28,22,49,23,1,Matches
174,Raphaël Guerreiro\Raphael-Guerreiro,pt POR,DF,Dortmund,26,1993,24.6,31,20,14,10,7,15,34,44.1,19,190,60,31.6,68,73,49,36,4,0,32,33,64,36,1,Matches
175,Josuha Guilavogui\Josuha-Guilavogui,fr FRA,MFDF,Wolfsburg,29,1990,8.3,23,14,11,9,3,6,16,37.5,10,108,33,30.6,37,63,8,18,7,1,11,21,44,36,0,Matches
176,Péter Gulácsi\Peter-Gulacsi,hu HUN,GK,RB Leipzig,30,1990,33.0,0,0,0,0,0,0,1,0.0,1,2,0,0.0,2,0,0,0,0,0,0,0,0,0,0,Matches
177,Manuel Gulde\Manuel-Gulde,de GER,DF,Freiburg,29,1991,21.7,22,11,10,10,2,4,20,20.0,16,171,53,31.0,93,73,5,35,13,0,22,30,52,87,0,Matches
178,Robert Gumny\Robert-Gumny,pl POL,DF,Augsburg,22,1998,15.3,19,13,11,6,2,6,17,35.3,11,199,63,31.7,97,72,30,34,4,0,30,28,47,28,0,Matches
179,Christian Günter\Christian-Gunter,de GER,DF,Freiburg,27,1993,34.0,48,26,27,16,5,20,58,34.5,38,392,101,25.8,153,156,83,53,7,0,46,30,78,44,0,Matches
180,Erling Haaland\Erling-Haaland,no NOR,FW,Dortmund,20,2000,26.7,7,6,2,2,3,1,10,10.0,9,320,105,32.8,8,90,222,20,9,0,11,5,12,15,0,Matches
181,Janik Haberer\Janik-Haberer,de GER,MFFW,Freiburg,26,1994,5.4,9,7,3,3,3,4,19,21.1,15,150,41,27.3,43,67,40,9,2,0,7,4,13,9,0,Matches
182,Alexander Hack\Alexander-Hack,de GER,DF,Mainz 05,26,1993,15.2,43,25,31,10,2,24,37,64.9,13,134,57,42.5,90,38,6,25,20,0,5,30,73,122,2,Matches
183,André Hahn\Andre-Hahn,de GER,FWMF,Augsburg,29,1990,22.6,44,20,16,20,8,14,53,26.4,39,510,103,20.2,90,244,176,49,4,0,45,18,62,26,0,Matches
184,Amadou Haidara\Amadou-Haidara,ml MLI,MFDF,RB Leipzig,22,1998,21.2,58,31,20,23,15,14,45,31.1,31,397,122,30.7,82,221,94,45,2,0,43,30,88,27,0,Matches
185,Marcel Halstenberg\Marcel-Halstenberg,de GER,DF,RB Leipzig,28,1991,18.3,39,24,26,11,2,10,41,24.4,31,189,85,45.0,90,77,22,18,3,0,15,17,56,53,1,Matches
186,Amine Harit\Amine-Harit,ma MAR,MFFW,Schalke 04,23,1997,23.3,24,17,11,10,3,7,27,25.9,20,356,106,29.8,104,180,72,12,2,0,10,23,47,10,0,Matches
187,Marcel Hartel\Marcel-Hartel,de GER,MF,Arminia,24,1996,18.7,35,21,16,16,3,12,37,32.4,25,332,98,29.5,87,174,71,28,5,0,23,16,51,14,0,Matches
188,Makoto Hasebe\Makoto-Hasebe,jp JPN,DFMF,Eint Frankfurt,36,1984,25.4,55,39,34,15,6,25,63,39.7,38,345,122,35.4,158,156,31,39,15,0,24,33,88,73,0,Matches
189,Thorgan Hazard\Thorgan-Hazard,be BEL,FWMF,Dortmund,27,1993,7.3,7,5,5,2,0,5,15,33.3,10,144,42,29.2,45,59,40,10,0,0,10,10,17,3,0,Matches
190,Jonas Hector\Jonas-Hector,de GER,MF,Köln,30,1990,14.3,28,15,9,15,4,8,34,23.5,26,276,77,27.9,78,128,70,28,5,0,23,19,47,24,3,Matches
191,Hwang Hee-chan\Hwang-Hee-chan,kr KOR,FWMF,RB Leipzig,24,1996,5.1,7,5,4,2,1,1,4,25.0,3,137,42,30.7,16,64,57,4,0,0,4,3,10,3,0,Matches
192,Dominique Heintz\Dominique-Heintz,de GER,DF,Freiburg,26,1993,15.2,29,16,24,5,0,8,19,42.1,11,154,57,37.0,91,58,5,22,12,1,10,21,50,61,0,Matches
193,Benjamin Henrichs\Benjamin-Henrichs,de GER,DFMF,RB Leipzig,23,1997,6.0,17,11,7,6,4,2,6,33.3,4,92,32,34.8,32,42,18,15,2,0,13,9,26,9,0,Matches
194,Lucas Hernández\Lucas-Hernandez,fr FRA,DF,Bayern Munich,24,1996,17.7,50,27,25,17,8,19,39,48.7,20,247,93,37.7,102,99,46,36,7,0,29,20,70,58,0,Matches
195,Patrick Herrmann\Patrick-Herrmann,de GER,FW,M'Gladbach,29,1991,9.7,16,12,8,3,5,3,15,20.0,12,129,42,32.6,23,53,53,15,0,0,15,8,24,8,0,Matches
196,Martin Hinteregger\Martin-Hinteregger,at AUT,DF,Eint Frankfurt,27,1992,28.1,76,43,52,22,2,32,74,43.2,42,343,122,35.6,204,119,20,45,15,0,30,36,112,144,3,Matches
197,Marwin Hitz\Marwin-Hitz,ch SUI,GK,Dortmund,32,1987,15.5,0,0,0,0,0,0,0,,0,0,0,,0,0,0,0,0,0,0,0,0,0,0,Matches
198,Nicolas Höfler\Nicolas-Hofler,de GER,MF,Freiburg,30,1990,30.3,76,44,27,39,10,24,68,35.3,44,573,149,26.0,170,317,86,53,10,0,43,53,129,49,2,Matches
199,Jonas Hofmann\Jonas-Hofmann,de GER,FWMF,M'Gladbach,28,1992,20.2,31,20,11,16,4,11,61,18.0,50,458,109,23.8,105,229,124,37,2,0,35,31,62,19,0,Matches
200,Marco Höger\Marco-Hoger,de GER,DF,Köln,30,1989,0.6,3,3,0,3,0,1,3,33.3,2,15,6,40.0,8,7,0,1,0,0,1,1,4,4,0,Matches
201,Lucas Höler\Lucas-Holer,de GER,FWMF,Freiburg,26,1994,23.2,31,18,11,13,7,9,36,25.0,27,456,139,30.5,89,195,172,28,4,0,24,15,46,17,2,Matches
202,Matthew Hoppe\Matthew-Hoppe,us USA,FW,Schalke 04,19,2001,14.5,13,10,3,8,2,2,8,25.0,6,251,65,25.9,40,111,100,13,3,0,10,9,22,14,0,Matches
203,Jannes Horn\Jannes-Horn,de GER,DF,Köln,23,1997,19.6,33,19,24,8,1,14,31,45.2,17,224,66,29.5,136,76,12,30,2,0,28,18,51,72,1,Matches
204,Timo Horn\Timo-Horn,de GER,GK,Köln,27,1993,33.4,0,0,0,0,0,0,4,0.0,4,6,1,16.7,5,1,0,0,0,0,0,1,1,2,1,Matches
205,Lukáš Hrádecký\Lukas-Hradecky,fi FIN,GK,Leverkusen,30,1989,28.5,0,0,0,0,0,0,1,0.0,1,5,1,20.0,4,1,0,0,0,0,0,0,0,4,0,Matches
206,Ajdin Hrustic\Ajdin-Hrustic,au AUS,MFFW,Eint Frankfurt,24,1996,3.0,5,5,3,1,1,2,6,33.3,4,52,13,25.0,14,23,15,4,0,0,4,3,8,3,0,Matches
207,Florian Hübner\Florian-Hubner,de GER,DF,Union Berlin,29,1991,5.8,8,4,6,2,0,5,14,35.7,9,74,21,28.4,41,31,2,12,3,0,9,11,19,33,0,Matches
208,Mats Hummels\Mats-Hummels,de GER,DF,Dortmund,31,1988,31.3,65,40,41,19,5,22,48,45.8,26,267,101,37.8,148,108,11,39,23,1,16,68,133,184,1,Matches
209,Klaas-Jan Huntelaar\Klaas-Jan-Huntelaar,nl NED,FW,Schalke 04,36,1983,6.5,3,2,0,2,1,0,4,0.0,4,103,25,24.3,14,40,49,2,1,0,1,3,6,5,0,Matches
210,Iago\Iago,br BRA,DF,Augsburg,23,1997,17.3,36,20,17,13,6,10,26,38.5,16,223,81,36.3,98,92,33,45,6,0,39,19,55,56,0,Matches
211,Vedad Ibišević\Vedad-Ibisevic,ba BIH,FW,Schalke 04,35,1984,1.7,0,0,0,0,0,0,0,,0,16,5,31.3,0,11,5,3,1,0,2,0,0,1,0,Matches
212,Blendi Idrizi\Blendi-Idrizi,xk KVX,MF,Schalke 04,22,1998,2.6,9,5,1,6,2,0,0,,0,57,24,42.1,26,22,9,8,3,0,5,10,19,1,0,Matches
213,Stefan Ilsanker\Stefan-Ilsanker,at AUT,MFDF,Eint Frankfurt,31,1989,17.5,46,28,26,18,2,14,38,36.8,24,296,87,29.4,133,142,21,43,13,0,30,24,70,60,1,Matches
214,Marcus Ingvartsen\Marcus-Ingvartsen,dk DEN,MFFW,Union Berlin,24,1996,21.8,24,14,9,12,3,9,28,32.1,19,374,111,29.7,88,195,91,30,1,0,29,30,54,16,1,Matches
215,Ismail Jakobs\Ismail-Jakobs,de GER,DFMF,Köln,20,1999,19.2,30,12,20,5,5,13,25,52.0,12,277,72,26.0,113,95,69,33,0,0,33,18,48,36,0,Matches
216,Tony Jantschke\Tony-Jantschke,de GER,DF,M'Gladbach,30,1990,3.0,9,7,5,4,0,4,7,57.1,3,24,12,50.0,10,11,3,10,6,0,4,4,13,9,0,Matches
217,Rune Jarstein\Rune-Jarstein,no NOR,GK,Hertha BSC,35,1984,8.0,0,0,0,0,0,0,0,,0,2,0,0.0,2,0,0,0,0,0,0,0,0,1,0,Matches
218,Tin Jedvaj\Tin-Jedvaj,hr CRO,DF,Leverkusen,24,1995,1.7,4,0,2,2,0,1,3,33.3,2,26,5,19.2,11,11,4,2,1,0,1,4,8,15,0,Matches
219,Fredrik Jensen\Fredrik-Jensen,fi FIN,FWMF,Augsburg,22,1997,4.2,4,2,2,1,1,3,7,42.9,4,69,12,17.4,12,31,26,3,1,0,2,5,9,7,0,Matches
220,Marco John\Marco-John,de GER,DF,Hoffenheim,18,2002,11.1,18,12,7,8,3,5,19,26.3,14,145,54,37.2,49,63,33,31,1,0,30,13,31,20,0,Matches
221,Luka Jović\Luka-Jovic,rs SRB,FWMF,Eint Frankfurt,22,1997,9.9,4,4,0,2,2,1,5,20.0,4,99,26,26.3,5,38,56,5,0,0,5,1,5,4,0,Matches
222,Ozan Kabak\Ozan-Kabak,tr TUR,DF,Schalke 04,20,2000,13.8,20,11,15,4,1,6,16,37.5,10,151,47,31.1,104,42,5,30,14,0,16,16,36,76,2,Matches
223,Pavel Kadeřábek\Pavel-Kaderabek,cz CZE,DF,Hoffenheim,28,1992,17.6,21,15,9,6,6,8,23,34.8,15,141,39,27.7,41,56,44,19,3,0,16,17,38,34,0,Matches
224,Florian Kainz\Florian-Kainz,at AUT,FWMF,Köln,27,1992,5.0,5,4,1,3,1,0,4,0.0,4,58,17,29.3,10,27,21,8,0,0,8,5,10,5,0,Matches
225,Sasa Kalajdzic\Sasa-Kalajdzic,at AUT,FW,Stuttgart,23,1997,23.7,15,6,2,6,7,1,22,4.5,21,388,99,25.5,17,154,217,19,3,0,16,7,22,17,0,Matches
226,Daichi Kamada\Daichi-Kamada,jp JPN,MFFW,Eint Frankfurt,23,1996,26.2,52,29,24,17,11,20,63,31.7,43,523,157,30.0,89,259,175,31,2,0,29,26,78,23,0,Matches
227,Marcin Kamiński\Marcin-Kaminski,pl POL,DF,Stuttgart,28,1992,2.4,1,1,0,0,1,0,0,,0,9,3,33.3,5,4,0,4,1,0,3,1,2,14,0,Matches
228,Kevin Kampl\Kevin-Kampl,si SVN,MF,RB Leipzig,29,1990,21.5,50,42,17,27,6,12,32,37.5,20,391,153,39.1,105,226,60,30,3,0,27,30,80,22,0,Matches
229,Jimmy Kaparos\Jimmy-Kaparos,de GER,MF,Schalke 04,18,2001,0.2,0,0,0,0,0,0,1,0.0,1,4,0,0.0,3,1,0,0,0,0,0,0,0,0,0,Matches
230,Atakan Karazor\Atakan-Karazor,de GER,DFMF,Stuttgart,23,1996,11.5,23,14,14,9,0,10,19,52.6,9,177,67,37.9,90,69,18,22,6,0,16,18,41,62,1,Matches
231,Loris Karius\Loris-Karius,de GER,GK,Union Berlin,27,1993,3.2,0,0,0,0,0,0,0,,0,0,0,,0,0,0,0,0,0,0,0,0,0,0,Matches
232,Noah Katterbach\Noah-Katterbach,de GER,DF,Köln,19,2001,12.3,22,15,14,6,2,5,22,22.7,17,144,46,31.9,73,57,14,15,2,1,13,11,33,29,0,Matches
233,Yannik Keitel\Yannik-Keitel,de GER,MF,Freiburg,20,2000,5.5,13,8,6,6,1,4,7,57.1,3,89,30,33.7,35,40,14,9,2,0,7,10,23,11,0,Matches
234,Marc-Oliver Kempf\Marc-Oliver-Kempf,de GER,DF,Stuttgart,25,1995,30.3,63,42,46,13,4,25,51,49.0,26,285,102,35.8,165,104,16,65,31,0,34,52,115,132,1,Matches
235,Rani Khedira\Rani-Khedira,de GER,MF,Augsburg,26,1994,20.2,36,20,16,18,2,9,24,37.5,15,336,98,29.2,106,184,46,26,6,0,20,23,59,57,0,Matches
236,Sami Khedira\Sami-Khedira,de GER,MF,Hertha BSC,33,1987,4.4,10,8,3,5,2,5,11,45.5,6,66,22,33.3,22,30,14,5,1,0,4,10,20,9,1,Matches
237,Luca Kilian\Luca-Kilian,de GER,DF,Mainz 05,20,1999,4.2,14,4,10,3,1,2,10,20.0,8,38,17,44.7,22,15,1,6,2,0,4,1,15,15,1,Matches
238,Joshua Kimmich\Joshua-Kimmich,de GER,MF,Bayern Munich,25,1995,24.4,45,34,16,23,6,16,62,25.8,46,429,137,31.9,126,223,80,34,5,0,29,41,86,26,0,Matches
239,Davy Klaassen\Davy-Klaassen,nl NED,MF,Werder Bremen,27,1993,2.5,3,2,1,1,1,0,2,0.0,2,59,20,33.9,9,35,15,9,1,0,8,2,5,0,0,Matches
240,Felix Klaus\Felix-Klaus,de GER,DFMF,Wolfsburg,27,1992,1.5,9,8,3,5,1,3,5,60.0,2,35,16,45.7,12,14,9,5,0,0,5,0,9,6,0,Matches
241,Klauss\Klauss,br BRA,FW,Hoffenheim,23,1997,0.6,0,0,0,0,0,0,1,0.0,1,11,4,36.4,0,3,8,0,0,0,0,0,0,0,0,Matches
242,Philipp Klement\Philipp-Klement,de GER,MFFW,Stuttgart,27,1992,4.7,9,5,6,1,2,3,12,25.0,9,106,27,25.5,44,38,24,8,2,0,6,5,14,11,0,Matches
243,Mateo Klimowicz\Mateo-Klimowicz,de GER,FWMF,Stuttgart,20,2000,13.3,24,14,6,11,7,4,18,22.2,14,232,69,29.7,39,85,108,11,1,0,10,3,27,4,0,Matches
244,Fabian Klos\Fabian-Klos,de GER,FW,Arminia,32,1987,30.1,26,14,9,11,6,7,34,20.6,27,508,141,27.8,54,259,195,20,6,1,14,10,36,28,0,Matches
245,Lukas Klostermann\Lukas-Klostermann,de GER,DF,RB Leipzig,24,1996,16.1,26,13,14,9,3,8,19,42.1,11,178,73,41.0,76,76,26,33,8,0,25,19,45,53,0,Matches
246,Justin Kluivert\Justin-Kluivert,nl NED,FW,RB Leipzig,21,1999,9.0,5,3,1,3,1,1,6,16.7,5,126,35,27.8,21,54,51,11,0,0,11,3,8,5,0,Matches
247,Lukas Klünter\Lukas-Klunter,de GER,DF,Hertha BSC,24,1996,11.0,12,7,8,4,0,4,8,50.0,4,107,36,33.6,58,40,9,13,1,0,12,13,25,47,0,Matches
248,Ansgar Knauff\Ansgar-Knauff,de GER,FWMF,Dortmund,18,2002,0.8,1,0,0,1,0,0,1,0.0,1,21,3,14.3,6,13,2,2,1,0,1,1,2,2,0,Matches
249,Robin Knoche\Robin-Knoche,de GER,DF,Union Berlin,28,1992,33.8,50,34,33,16,1,18,40,45.0,22,346,133,38.4,216,112,18,59,29,1,30,44,94,192,2,Matches
250,Gregor Kobel\Gregor-Kobel,ch SUI,GK,Stuttgart,22,1997,33.0,0,0,0,0,0,0,0,,0,1,1,100.0,1,0,0,0,0,0,0,0,0,1,1,Matches
251,Dominik Kohr\Dominik-Kohr,de GER,MF,Mainz 05,26,1994,14.1,48,29,18,22,8,11,36,30.6,25,299,100,33.4,84,161,54,24,5,0,19,29,77,39,0,Matches
252,Dominik Kohr\Dominik-Kohr,de GER,MFFW,Eint Frankfurt,26,1994,2.9,17,11,2,10,5,3,6,50.0,3,74,28,37.8,15,44,15,7,1,0,6,5,22,9,0,Matches
253,Sead Kolašinac\Sead-Kolasinac,ba BIH,DFMF,Schalke 04,27,1993,15.8,24,14,12,10,2,13,26,50.0,13,183,52,28.4,76,80,27,19,4,0,15,36,60,21,0,Matches
254,Ibrahima Konaté\Ibrahima-Konate,fr FRA,DF,RB Leipzig,21,1999,7.7,10,5,6,4,0,2,7,28.6,5,56,15,26.8,25,29,2,10,4,0,6,10,20,41,0,Matches
255,Filip Kostić\Filip-Kostic,rs SRB,DF,Eint Frankfurt,27,1992,28.2,60,34,30,19,11,23,59,39.0,36,434,140,32.3,143,170,121,67,6,0,61,31,91,33,1,Matches
256,Nianzou Kouassi\Nianzou-Kouassi,fr FRA,DFMF,Bayern Munich,18,2002,1.3,2,1,2,0,0,1,1,100.0,0,9,3,33.3,5,4,0,0,0,0,0,1,3,8,0,Matches
257,Andrej Kramarić\Andrej-Kramaric,hr CRO,FWMF,Hoffenheim,29,1991,26.4,8,5,4,2,2,4,11,36.4,7,190,70,36.8,25,69,96,17,3,0,14,12,20,7,1,Matches
258,Christoph Kramer\Christoph-Kramer,de GER,MF,M'Gladbach,29,1991,22.6,61,39,26,28,7,20,62,32.3,42,385,132,34.3,133,210,42,43,10,0,33,36,97,55,0,Matches
259,Max Kruse\Max-Kruse,de GER,FWMF,Union Berlin,32,1988,18.1,9,4,4,4,1,2,13,15.4,11,190,62,32.6,19,103,68,17,0,0,17,6,15,7,0,Matches
260,Lukas Kübler\Lukas-Kubler,de GER,DF,Freiburg,27,1992,9.8,20,13,15,3,2,8,18,44.4,10,149,38,25.5,86,51,12,16,3,0,13,17,37,34,0,Matches
261,Pierre Kunde\Pierre-Kunde,cm CMR,MF,Mainz 05,25,1995,5.7,12,6,3,8,1,1,8,12.5,7,77,21,27.3,21,44,12,6,1,0,5,7,19,12,0,Matches
262,Fabian Kunze\Fabian-Kunze,de GER,MF,Arminia,22,1998,14.1,44,27,21,20,3,14,43,32.6,29,307,73,23.8,111,164,32,34,3,0,31,15,59,31,0,Matches
263,Ahmed Kutucu\Ahmed-Kutucu,tr TUR,FWMF,Schalke 04,20,2000,1.2,1,0,0,0,1,1,1,100.0,0,29,7,24.1,4,11,14,1,0,0,1,0,1,0,0,Matches
264,Maxence Lacroix\Maxence-Lacroix,fr FRA,DF,Wolfsburg,20,2000,28.8,63,34,48,15,0,20,47,42.6,27,335,121,36.1,195,135,5,63,24,1,39,76,139,174,0,Matches
265,Konrad Laimer\Konrad-Laimer,at AUT,DFFW,RB Leipzig,23,1997,0.9,2,2,0,1,1,0,3,0.0,3,31,6,19.4,5,21,5,2,0,0,2,1,3,2,0,Matches
266,Stefan Lainer\Stefan-Lainer,at AUT,DF,M'Gladbach,27,1992,30.8,60,39,27,22,11,27,70,38.6,43,440,136,30.9,155,192,93,77,9,0,68,40,100,88,2,Matches
267,Michael Langer\Michael-Langer,at AUT,GK,Schalke 04,35,1985,2.7,0,0,0,0,0,0,0,,0,0,0,,0,0,0,0,0,0,0,0,0,0,0,Matches
268,Danny Latza\Danny-Latza,de GER,MF,Mainz 05,30,1989,20.0,47,31,18,19,10,21,73,28.8,52,476,145,30.5,150,240,86,51,7,0,44,27,74,28,0,Matches
269,Valentino Lazaro\Valentino-Lazaro,at AUT,DFFW,M'Gladbach,24,1996,13.8,18,9,10,5,3,8,20,40.0,12,224,56,25.0,68,96,60,27,1,0,26,18,36,16,0,Matches
270,Mathew Leckie\Mathew-Leckie,au AUS,FWDF,Hertha BSC,29,1991,5.6,13,9,6,5,2,4,15,26.7,11,145,37,25.5,33,72,40,16,0,0,16,11,24,12,1,Matches
271,Christopher Lenz\Christopher-Lenz,de GER,DF,Union Berlin,25,1994,25.0,77,40,44,29,4,29,69,42.0,40,411,130,31.6,183,162,66,50,8,1,42,33,110,53,0,Matches
272,Robert Lewandowski\Robert-Lewandowski,pl POL,FW,Bayern Munich,31,1988,27.3,18,13,2,8,8,4,14,28.6,10,324,105,32.4,12,89,223,9,2,0,7,7,25,8,0,Matches
273,Philipp Lienhart\Philipp-Lienhart,at AUT,DF,Freiburg,24,1996,33.3,28,15,18,9,1,4,21,19.0,17,209,64,30.6,117,84,8,54,23,0,31,44,72,137,1,Matches
274,Dimitris Limnios\Dimitris-Limnios,gr GRE,MFFW,Köln,22,1998,4.2,8,5,5,2,1,3,6,50.0,3,73,22,30.1,22,34,17,6,0,0,6,1,9,1,0,Matches
275,Niklas Lomb\Niklas-Lomb,de GER,GK,Leverkusen,27,1993,1.5,0,0,0,0,0,0,0,,0,0,0,,0,0,0,0,0,0,0,0,0,0,1,Matches
276,Eduard Löwen\Eduard-Lowen,de GER,MFDF,Hertha BSC,23,1997,0.9,5,4,2,1,2,2,5,40.0,3,27,4,14.8,12,8,7,0,0,0,0,1,6,2,0,Matches
277,Jan Luca Schuler\Jan-Luca-Schuler,de GER,FW,Schalke 04,21,1999,0.4,1,1,0,1,0,0,1,0.0,1,7,3,42.9,2,2,3,2,0,0,2,0,1,1,0,Matches
278,Anderson Lucoqui\Anderson-Lucoqui,ao ANG,DF,Arminia,23,1997,17.8,50,24,33,16,1,21,45,46.7,24,263,68,25.9,138,95,30,65,6,0,59,16,66,58,1,Matches
279,Kilian Ludewig\Kilian-Ludewig,de GER,DF,Schalke 04,20,2000,5.8,14,5,9,3,2,6,31,19.4,25,141,43,30.5,72,57,12,12,1,0,11,4,18,11,0,Matches
280,Dodi Lukebakio\Dodi-Lukebakio,be BEL,FWMF,Hertha BSC,22,1997,20.6,26,14,17,6,3,4,15,26.7,11,290,67,23.1,70,133,87,19,1,0,18,10,36,10,0,Matches
281,Andreas Luthe\Andreas-Luthe,de GER,GK,Union Berlin,33,1987,30.8,0,0,0,0,0,0,2,0.0,2,5,2,40.0,5,0,0,0,0,0,0,0,0,1,2,Matches
282,Tim Maciejewski\Tim-Maciejewski,de GER,MF,Union Berlin,19,2001,0.1,0,0,0,0,0,0,0,,0,0,0,,0,0,0,0,0,0,0,0,0,0,0,Matches
283,Luca Mack\Luca-Mack,de GER,MF,Stuttgart,20,2000,0.1,0,0,0,0,0,0,0,,0,2,2,100.0,1,1,0,0,0,0,0,0,0,2,0,Matches
284,Mikail Maden\Mikail-Maden,no NOR,FW,Schalke 04,18,2002,0.1,0,0,0,0,0,0,0,,0,0,0,,0,0,0,0,0,0,0,0,0,0,0,Matches
285,Arne Maier\Arne-Maier,de GER,MF,Hertha BSC,21,1999,0.3,1,0,0,1,0,0,0,,0,3,1,33.3,0,3,0,0,0,0,0,0,1,0,0,Matches
286,Arne Maier\Arne-Maier,de GER,MF,Arminia,21,1999,11.5,19,14,5,12,2,7,16,43.8,9,184,56,30.4,51,97,36,20,3,0,17,9,28,16,0,Matches
287,Yunus Mallı\Yunus-Malli,tr TUR,MF,Wolfsburg,28,1992,0.6,0,0,0,0,0,0,0,,0,3,0,0.0,0,1,2,0,0,0,0,0,0,0,0,Matches
288,Orel Mangala\Orel-Mangala,be BEL,MF,Stuttgart,22,1998,23.4,30,18,12,14,4,12,25,48.0,13,232,72,31.0,58,131,43,55,14,0,41,27,57,28,0,Matches
289,Omar Marmoush\Omar-Marmoush,eg EGY,FW,Wolfsburg,21,1999,0.0,0,0,0,0,0,0,0,,0,0,0,,0,0,0,0,0,0,0,0,0,0,0,Matches
290,Aarón Martín\Aaron-Martin,es ESP,DF,Mainz 05,23,1997,2.9,2,2,2,0,0,1,4,25.0,3,26,9,34.6,6,17,3,2,0,0,2,3,5,1,0,Matches
291,Javi Martínez\Javi-Martinez,es ESP,DFMF,Bayern Munich,31,1988,5.2,9,5,4,3,2,4,5,80.0,1,60,24,40.0,20,28,12,13,4,0,9,11,20,27,0,Matches
292,Josep Martinez\Josep-Martinez,es ESP,GK,RB Leipzig,22,1998,1.0,0,0,0,0,0,0,0,,0,0,0,,0,0,0,0,0,0,0,0,0,0,0,Matches
293,Omar Mascarell\Omar-Mascarell,es ESP,MF,Schalke 04,27,1993,19.6,42,21,15,20,7,14,51,27.5,37,330,111,33.6,125,170,35,47,13,0,34,36,78,40,1,Matches
294,Roberto Massimo\Roberto-Massimo,de GER,DFFW,Stuttgart,19,2000,8.4,21,14,13,7,1,10,24,41.7,14,160,49,30.6,64,58,38,15,2,0,13,12,33,11,0,Matches
295,Jean-Philippe Mateta\Jean-Philippe-Mateta,fr FRA,FW,Mainz 05,23,1997,11.1,5,5,2,1,2,0,3,0.0,3,107,32,29.9,8,50,49,7,1,0,6,1,6,7,0,Matches
296,Rabbi Matondo\Rabbi-Matondo,wal WAL,FWMF,Schalke 04,19,2000,2.4,4,3,2,2,0,2,4,50.0,2,63,17,27.0,18,24,21,5,1,0,4,2,6,0,0,Matches
297,Henning Matriciani\Henning-Matriciani,de GER,DF,Schalke 04,20,2000,0.3,3,2,2,1,0,1,2,50.0,1,4,2,50.0,3,1,0,2,0,0,2,0,3,0,0,Matches
298,Konstantinos Mavropanos\Konstantinos-Mavropanos,gr GRE,DF,Stuttgart,22,1997,16.3,42,22,32,7,3,20,50,40.0,30,130,36,27.7,80,43,7,40,13,0,27,41,83,96,0,Matches
299,Eric Maxim Choupo-Moting\Eric-Maxim-Choupo-Moting,cm CMR,FWMF,Bayern Munich,31,1989,9.1,9,6,1,6,2,2,6,33.3,4,128,38,29.7,7,64,57,3,0,0,3,3,12,7,0,Matches
300,Kevin Mbabu\Kevin-Mbabu,ch SUI,DF,Wolfsburg,25,1995,18.2,53,31,28,20,5,19,38,50.0,19,298,107,35.9,121,115,62,51,8,0,43,23,76,86,0,Matches
301,Jean-Manuel Mbom\Jean-Manuel-Mbom,de GER,MFDF,Werder Bremen,20,2000,12.9,25,15,16,7,2,12,35,34.3,23,276,79,28.6,105,123,48,27,6,0,21,14,39,29,0,Matches
302,Nathan de Medina\Nathan-de-Medina,be BEL,DF,Arminia,22,1997,7.1,24,17,13,8,3,7,11,63.6,4,145,51,35.2,81,50,14,21,1,0,20,8,32,27,0,Matches
303,Joshua Mees\Joshua-Mees,de GER,FW,Union Berlin,24,1996,0.1,0,0,0,0,0,0,0,,0,0,0,,0,0,0,0,0,0,0,0,0,0,0,Matches
304,Admir Mehmedi\Admir-Mehmedi,ch SUI,MFFW,Wolfsburg,29,1991,9.1,18,12,5,6,7,6,18,33.3,12,211,79,37.4,39,106,66,10,2,0,8,6,24,3,0,Matches
305,Hamza Mendyl\Hamza-Mendyl,ma MAR,FW,Schalke 04,22,1997,1.1,4,1,3,0,1,2,4,50.0,2,33,7,21.2,9,16,8,1,0,0,1,1,5,1,0,Matches
306,Levent Mercan\Levent-Mercan,de GER,FW,Schalke 04,19,2000,0.1,0,0,0,0,0,0,0,,0,1,0,0.0,0,0,1,0,0,0,0,0,0,0,0,Matches
307,Jorge Meré\Jorge-Mere,es ESP,DF,Köln,23,1997,14.4,21,14,15,4,2,3,10,30.0,7,119,43,36.1,71,34,14,17,12,0,5,23,44,83,0,Matches
308,Thomas Meunier\Thomas-Meunier,be BEL,DF,Dortmund,28,1991,16.4,37,26,22,8,7,17,30,56.7,13,171,63,36.8,76,60,35,26,8,0,18,16,53,36,2,Matches
309,Max Meyer\Max-Meyer,de GER,MF,Köln,24,1995,3.9,6,5,2,4,0,4,11,36.4,7,58,22,37.9,13,32,13,6,0,0,6,3,9,3,0,Matches
310,Jonas Michel Dirkner\Jonas-Michel-Dirkner,de GER,MF,Hertha BSC,18,2002,0.2,1,1,1,0,0,0,0,,0,7,5,71.4,4,3,0,0,0,0,0,0,1,0,0,Matches
311,Jonas Michelbrink\Jonas-Michelbrink,de GER,MF,Hertha BSC,19,2001,0.4,0,0,0,0,0,0,0,,0,16,8,50.0,9,3,4,1,0,0,1,0,0,0,0,Matches
312,Maximilian Mittelstädt\Maximilian-Mittelstadt,de GER,DF,Hertha BSC,23,1997,20.0,76,36,49,21,6,30,69,43.5,39,331,98,29.6,179,116,36,58,4,0,54,52,128,70,1,Matches
313,Anthony Modeste\Anthony-Modeste,fr FRA,FWMF,Köln,32,1988,2.5,1,0,0,1,0,0,2,0.0,2,32,9,28.1,0,17,15,0,0,0,0,0,1,2,0,Matches
314,Kevin Möhwald\Kevin-Mohwald,de GER,MF,Werder Bremen,27,1993,17.3,18,15,13,4,1,2,20,10.0,18,234,63,26.9,98,112,24,19,3,0,16,41,59,25,2,Matches
315,Niklas Moisander\Niklas-Moisander,fi FIN,DF,Werder Bremen,34,1985,13.6,17,11,14,3,0,6,15,40.0,9,123,46,37.4,74,49,0,24,7,0,17,28,45,93,0,Matches
316,Alkhaly Momo Cissé\Alkhaly-Momo-Cisse,gn GUI,DFFW,Stuttgart,17,2002,0.4,1,1,1,0,0,0,0,,0,8,1,12.5,1,6,1,2,0,0,2,0,1,1,0,Matches
317,Jan Morávek\Jan-Moravek,cz CZE,MF,Augsburg,30,1989,3.0,4,2,2,2,0,0,6,0.0,6,92,25,27.2,36,46,10,3,0,0,3,8,12,6,0,Matches
318,Mateu Morey\Mateu-Morey,es ESP,DF,Dortmund,20,2000,9.2,14,7,9,3,2,6,15,40.0,9,111,33,29.7,34,55,22,11,1,0,10,16,30,7,1,Matches
319,Youssoufa Moukoko\Youssoufa-Moukoko,de GER,FWMF,Dortmund,15,2004,4.7,3,2,0,2,1,1,1,100.0,0,72,29,40.3,5,27,40,5,0,0,5,0,3,1,0,Matches
320,Nordi Mukiele\Nordi-Mukiele,fr FRA,DF,RB Leipzig,22,1997,18.6,47,20,16,24,7,21,45,46.7,24,278,78,28.1,73,135,70,40,2,0,38,28,75,47,1,Matches
321,Florian Müller\Florian-Muller,de GER,GK,Freiburg,22,1997,31.0,0,0,0,0,0,0,2,0.0,2,2,0,0.0,2,0,0,0,0,0,0,1,1,4,0,Matches
322,Sebastian Müller\Sebastian-Muller,de GER,MFDF,Arminia,19,2001,0.0,0,0,0,0,0,0,0,,0,0,0,,0,0,0,0,0,0,0,0,0,0,0,Matches
323,Thomas Müller\Thomas-Muller,de GER,MF,Bayern Munich,30,1989,29.7,53,33,16,20,17,21,74,28.4,53,664,220,33.1,108,308,248,49,3,0,46,18,71,20,0,Matches
324,Petar Musa\Petar-Musa,hr CRO,FW,Union Berlin,22,1998,7.9,16,12,2,8,6,3,8,37.5,5,214,49,22.9,14,114,86,9,0,0,9,4,20,6,0,Matches
325,Jamal Musiala\Jamal-Musiala,de GER,FWMF,Bayern Munich,17,2003,9.8,26,15,2,12,12,4,19,21.1,15,221,83,37.6,39,100,82,24,2,0,22,22,48,3,0,Matches
326,Shkodran Mustafi\Shkodran-Mustafi,de GER,DF,Schalke 04,28,1992,11.5,13,8,12,1,0,4,10,40.0,6,113,36,31.9,79,32,2,27,15,1,12,27,40,96,1,Matches
327,Phillipp Mwene\Phillipp-Mwene,at AUT,DF,Mainz 05,26,1994,18.6,51,34,26,20,5,19,45,42.2,26,328,122,37.2,147,121,60,37,4,0,33,24,75,55,1,Matches
328,Obite N'Dicka\Obite-NDicka,fr FRA,DF,Eint Frankfurt,20,1999,22.7,38,21,20,17,1,14,30,46.7,16,307,98,31.9,139,128,40,58,9,0,49,47,85,100,0,Matches
329,Matija Nastasić\Matija-Nastasic,rs SRB,DF,Schalke 04,27,1993,13.6,11,6,9,2,0,2,11,18.2,9,96,30,31.3,69,26,1,35,22,0,13,15,26,63,0,Matches
330,Paul Nebel\Paul-Nebel,de GER,MF,Mainz 05,17,2002,0.6,1,0,0,1,0,0,0,,0,17,2,11.8,0,12,5,0,0,0,0,1,2,1,0,Matches
331,Luca Netz\Luca-Netz,de GER,DF,Hertha BSC,17,2003,3.4,12,7,11,1,0,7,20,35.0,13,62,15,24.2,36,15,11,8,0,0,8,2,14,9,0,Matches
332,Manuel Neuer\Manuel-Neuer,de GER,GK,Bayern Munich,34,1986,33.0,0,0,0,0,0,0,1,0.0,1,4,0,0.0,4,0,0,0,0,0,0,1,1,0,0,Matches
333,Florian Neuhaus\Florian-Neuhaus,de GER,MF,M'Gladbach,23,1997,29.1,50,31,21,25,4,19,77,24.7,58,367,125,34.1,122,186,59,48,8,0,40,46,96,32,0,Matches
334,Jessic Ngankam\Jessic-Ngankam,de GER,FW,Hertha BSC,20,2000,3.3,6,4,2,2,2,1,5,20.0,4,90,20,22.2,9,50,31,9,1,0,8,1,7,0,0,Matches
335,Moussa Niakhate\Moussa-Niakhate,fr FRA,DF,Mainz 05,24,1996,31.8,58,35,37,19,2,16,34,47.1,18,344,139,40.4,192,123,29,53,14,1,39,40,98,126,0,Matches
336,Florian Niederlechner\Florian-Niederlechner,de GER,FW,Augsburg,29,1990,19.3,11,8,3,6,2,2,17,11.8,15,237,69,29.1,21,109,107,17,2,0,15,6,17,20,0,Matches
337,Joakim Nilsson\Joakim-Nilsson,se SWE,DF,Arminia,26,1994,24.0,41,25,28,12,1,8,19,42.1,11,247,80,32.4,138,101,8,38,22,0,16,26,67,154,1,Matches
338,Christopher Nkunku\Christopher-Nkunku,fr FRA,FWMF,RB Leipzig,22,1997,21.0,24,17,6,7,11,4,20,20.0,16,415,126,30.4,48,164,203,32,1,0,31,11,35,14,0,Matches
339,Håvard Nordtveit\Havard-Nordtveit,no NOR,DF,Hoffenheim,30,1990,7.8,6,2,5,1,0,4,8,50.0,4,34,16,47.1,22,11,1,13,3,0,10,5,11,50,1,Matches
340,Alexander Nübel\Alexander-Nubel,de GER,GK,Bayern Munich,23,1996,1.0,0,0,0,0,0,0,0,,0,0,0,,0,0,0,0,0,0,0,0,0,0,0,Matches
341,Kasim Nuhu\Kasim-Nuhu,gh GHA,DF,Hoffenheim,25,1995,11.0,10,7,8,2,0,3,10,30.0,7,71,30,42.3,32,35,4,19,4,1,15,9,19,53,1,Matches
342,Bastian Oczipka\Bastian-Oczipka,de GER,DF,Schalke 04,31,1989,21.4,38,23,23,14,1,11,27,40.7,16,191,57,29.8,105,68,18,37,5,0,32,31,69,45,0,Matches
343,Masaya Okugawa\Masaya-Okugawa,jp JPN,MF,Arminia,24,1996,10.2,18,11,8,7,3,5,14,35.7,9,256,62,24.2,71,127,58,13,0,0,13,8,26,6,0,Matches
344,Dani Olmo\Dani-Olmo,es ESP,MFFW,RB Leipzig,22,1998,24.4,36,22,7,22,7,4,29,13.8,25,453,160,35.3,69,223,161,21,0,0,21,24,60,26,0,Matches
345,Karim Onisiwo\Karim-Onisiwo,at AUT,FW,Mainz 05,28,1992,20.5,34,20,8,13,13,7,20,35.0,13,430,106,24.7,39,207,184,25,2,0,23,10,44,11,0,Matches
346,Willi Orban\Willi-Orban,hu HUN,DF,RB Leipzig,27,1992,26.3,42,26,21,18,3,20,37,54.1,17,235,101,43.0,102,111,22,48,24,0,24,35,77,139,3,Matches
347,Stefan Ortega\Stefan-Ortega,de GER,GK,Arminia,27,1992,34.0,1,1,1,0,0,1,5,20.0,4,4,1,25.0,4,0,0,1,0,0,1,0,1,1,1,Matches
348,Yuya Osako\Yuya-Osako,jp JPN,MFFW,Werder Bremen,30,1990,8.5,14,8,1,7,6,2,5,40.0,3,142,24,16.9,25,69,48,10,1,0,9,6,20,7,0,Matches
349,Paulo Otávio\Paulo-Otavio,br BRA,DF,Wolfsburg,25,1994,19.3,78,40,45,28,5,26,58,44.8,32,325,103,31.7,152,125,48,60,7,0,53,41,119,69,1,Matches
350,Reece Oxford\Reece-Oxford,eng ENG,DF,Augsburg,21,1998,15.1,23,15,14,8,1,10,19,52.6,9,132,42,31.8,81,45,6,26,16,1,10,39,62,119,1,Matches
351,Salih Özcan\Salih-Ozcan,de GER,MF,Köln,22,1998,15.2,25,17,10,11,4,13,43,30.2,30,265,92,34.7,88,138,39,17,2,0,15,21,46,27,0,Matches
352,Levin Öztunalı\Levin-Oztunali,de GER,DFFW,Mainz 05,24,1996,8.4,28,16,14,10,4,9,16,56.3,7,112,30,26.8,51,38,23,18,1,0,17,15,43,24,0,Matches
353,Gonçalo Paciência\Goncalo-Paciencia,pt POR,FW,Schalke 04,25,1994,8.3,8,7,5,0,3,3,12,25.0,9,127,30,23.6,24,58,45,5,1,0,4,2,10,6,0,Matches
354,Exequiel Palacios\Exequiel-Palacios,ar ARG,MF,Leverkusen,21,1998,6.4,29,17,14,13,2,8,24,33.3,16,163,51,31.3,48,96,19,19,0,0,19,15,44,11,0,Matches
355,Matondo-Merveille Papela\Matondo-Merveille-Papela,de GER,DF,Mainz 05,19,2001,0.0,0,0,0,0,0,0,0,,0,3,2,66.7,2,1,0,0,0,0,0,0,0,0,0,Matches
356,Felix Passlack\Felix-Passlack,de GER,DF,Dortmund,22,1998,4.0,13,8,6,5,2,4,8,50.0,4,71,30,42.3,29,24,18,12,1,0,11,4,17,1,0,Matches
357,Paulinho\Paulinho,br BRA,FW,Leverkusen,20,2000,0.7,0,0,0,0,0,0,0,,0,15,6,40.0,0,4,11,0,0,0,0,0,0,0,0,Matches
358,Benjamin Pavard\Benjamin-Pavard,fr FRA,DF,Bayern Munich,24,1996,21.6,43,26,23,14,6,13,27,48.1,14,255,97,38.0,91,95,69,57,7,0,50,31,74,47,2,Matches
359,Jiří Pavlenka\Jiri-Pavlenka,cz CZE,GK,Werder Bremen,28,1992,34.0,0,0,0,0,0,0,0,,0,2,0,0.0,2,0,0,1,0,0,1,0,0,1,0,Matches
360,Vasileios Pavlidis\Vasileios-Pavlidis,gr GRE,FW,Schalke 04,17,2002,0.0,0,0,0,0,0,0,0,,0,2,0,0.0,1,1,0,0,0,0,0,0,0,0,0,Matches
361,Mads Pedersen\Mads-Pedersen,dk DEN,DF,Augsburg,23,1996,9.9,29,16,24,5,0,11,29,37.9,18,182,62,34.1,109,53,20,25,1,1,24,19,48,28,0,Matches
362,Peter Pekarík\Peter-Pekarik,sk SVK,DF,Hertha BSC,33,1986,18.8,27,11,19,6,2,19,39,48.7,20,209,63,30.1,104,74,31,36,8,0,28,20,47,41,1,Matches
363,Philipp Pentke\Philipp-Pentke,de GER,GK,Hoffenheim,35,1985,3.0,0,0,0,0,0,0,0,,0,0,0,,0,0,0,0,0,0,0,0,0,0,0,Matches
364,Pavao Pervan\Pavao-Pervan,at AUT,GK,Wolfsburg,32,1987,2.0,0,0,0,0,0,0,1,0.0,1,1,0,0.0,1,0,0,0,0,0,0,0,0,0,0,Matches
365,Nils Petersen\Nils-Petersen,de GER,FW,Freiburg,31,1988,14.5,14,10,5,5,4,3,23,13.0,20,309,70,22.7,40,131,138,22,1,0,21,3,17,32,1,Matches
366,Lukas Petkov\Lukas-Petkov,de GER,MF,Augsburg,19,2000,0.0,0,0,0,0,0,0,0,,0,2,0,0.0,2,0,0,1,0,0,1,0,0,0,0,Matches
367,Maximilian Philipp\Maximilian-Philipp,de GER,MF,Wolfsburg,26,1994,12.3,13,5,5,3,5,3,21,14.3,18,287,86,30.0,39,111,137,14,1,0,13,8,21,3,0,Matches
368,Krzysztof Piątek\Krzysztof-Piatek,pl POL,FW,Hertha BSC,25,1995,18.1,9,5,2,6,1,3,25,12.0,22,450,98,21.8,36,212,202,15,0,0,15,6,15,19,0,Matches
369,Amos Pieper\Amos-Pieper,de GER,DF,Arminia,22,1998,29.8,66,41,45,20,1,24,45,53.3,21,326,139,42.6,196,120,10,72,41,1,31,35,101,222,4,Matches
370,Łukasz Piszczek\Lukasz-Piszczek,pl POL,DF,Dortmund,35,1985,5.1,11,10,4,6,1,3,12,25.0,9,77,33,42.9,34,30,13,6,1,0,5,9,20,16,0,Matches
371,Marvin Plattenhardt\Marvin-Plattenhardt,de GER,DF,Hertha BSC,28,1992,11.9,20,13,11,7,2,6,10,60.0,4,147,53,36.1,75,58,14,16,1,0,15,6,26,20,0,Matches
372,Alassane Pléa\Alassane-Plea,fr FRA,FW,M'Gladbach,27,1993,20.0,17,9,4,10,3,6,25,24.0,19,288,74,25.7,33,128,127,9,1,0,8,7,24,8,0,Matches
373,Joel Pohjanpalo\Joel-Pohjanpalo,fi FIN,FW,Union Berlin,25,1994,9.5,7,2,1,5,1,2,7,28.6,5,123,27,22.0,7,77,39,2,2,0,0,1,8,10,0,Matches
374,Joel Pohjanpalo\Joel-Pohjanpalo,fi FIN,MF,Leverkusen,25,1994,0.1,1,0,1,0,0,0,0,,0,2,0,0.0,1,0,1,0,0,0,0,0,1,0,0,Matches
375,Marin Pongračić\Marin-Pongracic,hr CRO,DF,Wolfsburg,22,1997,6.4,14,9,11,2,1,4,5,80.0,1,67,25,37.3,34,28,5,16,6,0,10,22,36,39,2,Matches
376,Stefan Posch\Stefan-Posch,at AUT,DF,Hoffenheim,23,1997,23.5,63,32,34,23,6,27,51,52.9,24,319,102,32.0,161,121,37,50,9,0,41,29,92,98,2,Matches
377,Yussuf Poulsen\Yussuf-Poulsen,dk DEN,FW,RB Leipzig,26,1994,15.0,7,2,1,3,3,1,14,7.1,13,335,90,26.9,17,155,163,16,0,0,16,7,14,13,0,Matches
378,Manuel Prietl\Manuel-Prietl,at AUT,MF,Arminia,28,1991,28.0,76,48,34,36,6,15,83,18.1,68,616,197,32.0,251,318,47,56,8,0,48,38,114,35,0,Matches
379,Grischa Prömel\Grischa-Promel,de GER,MF,Union Berlin,25,1995,20.2,40,27,15,20,5,12,31,38.7,19,312,105,33.7,73,194,45,34,3,0,31,31,71,25,0,Matches
380,Robin Quaison\Robin-Quaison,se SWE,FWMF,Mainz 05,26,1993,16.4,16,9,4,8,4,3,15,20.0,12,311,79,25.4,46,159,106,14,0,0,14,9,25,6,0,Matches
381,Nemanja Radonjić\Nemanja-Radonjic,rs SRB,FWDF,Hertha BSC,24,1996,6.8,6,5,3,2,1,3,6,50.0,3,116,25,21.6,33,45,38,1,0,0,1,4,10,1,0,Matches
382,Benito Raman\Benito-Raman,be BEL,FWMF,Schalke 04,25,1994,13.8,19,12,12,4,3,2,23,8.7,21,304,85,28.0,66,112,126,15,0,0,15,9,28,5,0,Matches
383,Milot Rashica\Milot-Rashica,xk KVX,FWMF,Werder Bremen,24,1996,16.2,16,10,7,7,2,4,25,16.0,21,244,56,23.0,61,102,81,16,0,0,16,9,25,3,0,Matches
384,Daishawn Redan\Daishawn-Redan,nl NED,FWMF,Hertha BSC,19,2001,1.1,0,0,0,0,0,0,0,,0,15,5,33.3,3,6,6,1,0,0,1,2,2,0,0,Matches
385,Reinier\Reinier,br BRA,MFFW,Dortmund,18,2002,2.9,9,8,3,4,2,0,4,0.0,4,67,16,23.9,23,25,19,5,1,0,4,3,12,0,0,Matches
386,Rocco Reitz\Rocco-Reitz,de GER,MF,M'Gladbach,18,2002,0.7,2,1,1,1,0,2,3,66.7,1,22,6,27.3,12,9,1,3,1,0,2,1,3,1,0,Matches
387,Marco Reus\Marco-Reus,de GER,MFFW,Dortmund,31,1989,25.3,40,29,13,16,11,8,30,26.7,22,475,159,33.5,93,221,161,32,2,0,30,10,50,15,0,Matches
388,Elvis Rexhbeçaj\Elvis-Rexhbecaj,de GER,MFFW,Köln,22,1997,20.4,52,30,17,29,6,12,42,28.6,30,430,138,32.1,110,209,111,51,8,0,43,22,74,18,0,Matches
389,Gio Reyna\Gio-Reyna,us USA,FWMF,Dortmund,17,2002,22.0,30,23,9,13,8,9,31,29.0,22,361,115,31.9,67,171,123,29,1,0,28,15,45,11,0,Matches
390,Chris Richards\Chris-Richards,us USA,DF,Hoffenheim,20,2000,10.5,24,13,15,8,1,7,13,53.8,6,134,56,41.8,67,56,11,19,5,0,14,13,37,72,1,Matches
391,Chris Richards\Chris-Richards,us USA,DF,Bayern Munich,20,2000,1.0,1,1,1,0,0,0,0,,0,10,2,20.0,5,5,0,0,0,0,0,0,1,3,0,Matches
392,Marco Richter\Marco-Richter,de GER,FWMF,Augsburg,22,1997,15.7,19,9,2,9,8,5,14,35.7,9,255,55,21.6,51,127,77,13,0,0,13,9,28,10,0,Matches
393,Marc Roca\Marc-Roca,es ESP,MF,Bayern Munich,23,1996,2.0,5,4,2,2,1,3,7,42.9,4,35,13,37.1,9,15,11,4,1,0,3,1,6,3,0,Matches
394,Sebastian Rode\Sebastian-Rode,de GER,MF,Eint Frankfurt,29,1990,18.1,52,30,23,19,10,15,52,28.8,37,434,113,26.0,157,215,62,41,3,0,38,43,95,21,0,Matches
395,Jérôme Roussillon\Jerome-Roussillon,fr FRA,DF,Wolfsburg,27,1993,13.7,24,14,15,8,1,11,22,50.0,11,191,70,36.6,86,79,26,23,1,0,22,13,37,36,0,Matches
396,Sebastian Rudy\Sebastian-Rudy,de GER,MFDF,Hoffenheim,30,1990,18.6,52,30,23,20,9,18,45,40.0,27,364,122,33.5,97,176,91,40,4,0,36,8,60,16,1,Matches
397,Sebastian Rudy\Sebastian-Rudy,de GER,DF,Schalke 04,30,1990,2.0,4,1,3,0,1,2,7,28.6,5,31,9,29.0,14,11,6,11,4,1,7,0,4,6,0,Matches
398,Georginio Rutter\Georginio-Rutter,fr FRA,FW,Hoffenheim,18,2002,2.7,5,2,4,1,0,0,2,0.0,2,59,15,25.4,9,26,24,1,0,0,1,1,6,3,0,Matches
399,Julian Ryerson\Julian-Ryerson,no NOR,DFMF,Union Berlin,22,1997,11.9,22,10,8,11,3,10,17,58.8,7,184,57,31.0,59,94,31,26,2,0,24,13,35,22,1,Matches
400,Frederik Rønnow\Frederik-Ronnow,dk DEN,GK,Schalke 04,27,1992,10.5,0,0,0,0,0,0,0,,0,0,0,,0,0,0,0,0,0,0,0,0,0,0,Matches
401,João Victor Santos Sá\Joao-Victor-Santos-Sa,br BRA,FW,Wolfsburg,26,1994,5.2,17,8,4,9,4,5,10,50.0,5,130,41,31.5,28,52,50,15,0,0,15,7,24,2,0,Matches
402,Marcel Sabitzer\Marcel-Sabitzer,at AUT,MF,RB Leipzig,26,1994,22.5,38,27,17,19,2,9,32,28.1,23,303,102,33.7,80,160,63,18,3,0,15,36,74,28,0,Matches
403,Roland Sallai\Roland-Sallai,hu HUN,MFFW,Freiburg,23,1997,18.5,21,13,8,11,2,4,12,33.3,8,307,68,22.1,49,166,92,18,2,0,16,10,31,11,0,Matches
404,Lazar Samardzic\Lazar-Samardzic,de GER,MFFW,RB Leipzig,18,2002,2.2,8,6,3,4,1,3,12,25.0,9,88,24,27.3,29,43,16,6,0,0,6,5,13,1,0,Matches
405,Diadie Samassékou\Diadie-Samassekou,ml MLI,MF,Hoffenheim,24,1996,28.5,75,45,26,43,6,26,81,32.1,55,463,153,33.0,144,259,60,52,12,0,40,68,143,76,0,Matches
406,Jadon Sancho\Jadon-Sancho,eng ENG,FWMF,Dortmund,20,2000,22.9,16,11,4,7,5,8,19,42.1,11,255,93,36.5,39,104,112,38,1,0,37,14,30,8,0,Matches
407,Leroy Sané\Leroy-Sane,de GER,FWMF,Bayern Munich,24,1996,20.1,31,21,7,9,15,7,27,25.9,20,392,140,35.7,77,163,152,32,0,0,32,12,43,5,0,Matches
408,Salif Sané\Salif-Sane,sn SEN,DF,Schalke 04,29,1990,11.9,16,7,11,4,1,6,16,37.5,10,101,36,35.6,62,34,5,39,16,0,23,18,34,84,0,Matches
409,Mohamed Sankoh\Mohamed-Sankoh,nl NED,FW,Stuttgart,16,2003,0.2,0,0,0,0,0,0,0,,0,9,0,0.0,2,4,3,0,0,0,0,1,1,0,0,Matches
410,Baptiste Santamaria\Baptiste-Santamaria,fr FRA,MF,Freiburg,25,1995,24.5,64,42,25,30,9,14,59,23.7,45,513,143,27.9,152,280,81,52,8,0,44,49,113,37,0,Matches
411,Josh Sargent\Josh-Sargent,us USA,FWMF,Werder Bremen,20,2000,27.8,36,28,13,16,7,8,34,23.5,26,549,158,28.8,97,264,188,51,6,0,45,20,56,35,0,Matches
412,Bouna Sarr\Bouna-Sarr,gn GUI,DF,Bayern Munich,28,1992,5.0,14,9,6,5,3,2,4,50.0,2,70,19,27.1,22,37,11,3,0,0,3,4,18,14,1,Matches
413,Patrik Schick\Patrik-Schick,cz CZE,FW,Leverkusen,24,1996,20.7,14,8,1,7,6,1,7,14.3,6,229,60,26.2,5,88,136,10,6,0,4,2,16,17,0,Matches
414,Sven Schipplock\Sven-Schipplock,de GER,FWMF,Arminia,31,1988,8.3,12,8,2,6,4,2,29,6.9,27,333,78,23.4,45,176,112,13,3,0,10,3,15,13,0,Matches
415,Xaver Schlager\Xaver-Schlager,at AUT,MF,Wolfsburg,22,1997,29.2,90,61,28,52,10,23,71,32.4,48,604,214,35.4,162,324,118,53,8,0,45,47,137,53,0,Matches
416,Keven Schlotterbeck\Keven-Schlotterbeck,de GER,DF,Freiburg,23,1997,18.4,25,12,11,14,0,6,25,24.0,19,178,55,30.9,100,69,9,33,20,0,13,29,54,111,1,Matches
417,Nico Schlotterbeck\Nico-Schlotterbeck,de GER,DF,Union Berlin,20,1999,14.3,34,20,15,16,3,11,21,52.4,10,180,63,35.0,84,86,10,20,5,0,15,37,71,65,1,Matches
418,Jonathan Schmid\Jonathan-Schmid,fr FRA,DFMF,Freiburg,30,1990,26.6,37,27,15,15,7,9,28,32.1,19,309,94,30.4,108,134,67,55,13,0,42,22,59,50,0,Matches
419,Romano Schmid\Romano-Schmid,at AUT,FWMF,Werder Bremen,20,2000,13.1,27,20,11,8,8,9,34,26.5,25,345,76,22.0,87,168,90,26,1,0,25,16,43,4,0,Matches
420,Benno Schmitz\Benno-Schmitz,de GER,DF,Köln,25,1994,4.6,13,6,7,6,0,5,11,45.5,6,86,30,34.9,34,27,25,6,4,0,2,8,21,17,0,Matches
421,Alessandro Schöpf\Alessandro-Schopf,at AUT,FWMF,Schalke 04,26,1994,10.5,15,12,6,9,0,5,15,33.3,10,212,63,29.7,67,98,47,21,1,0,20,7,22,5,0,Matches
422,Nico Schulz\Nico-Schulz,de GER,DF,Dortmund,27,1993,6.8,10,9,4,3,3,0,12,0.0,12,90,33,36.7,28,37,25,11,4,0,7,14,24,20,0,Matches
423,Alexander Schwolow\Alexander-Schwolow,de GER,GK,Hertha BSC,28,1992,26.0,0,0,0,0,0,0,0,,0,3,2,66.7,3,0,0,1,0,0,1,0,0,3,1,Matches
424,Christopher Scott\Christopher-Scott,de GER,FWMF,Bayern Munich,18,2002,0.4,2,1,0,1,1,0,0,,0,4,2,50.0,1,2,1,1,0,0,1,0,2,0,0,Matches
425,Davie Selke\Davie-Selke,de GER,FW,Werder Bremen,25,1995,9.0,3,2,1,0,2,1,5,20.0,4,180,48,26.7,14,81,85,5,1,0,4,2,5,6,0,Matches
426,Suat Serdar\Suat-Serdar,de GER,MF,Schalke 04,23,1997,21.7,58,36,15,36,7,15,43,34.9,28,354,112,31.6,104,200,50,39,6,0,33,23,81,26,1,Matches
427,Ryan Sessegnon\Ryan-Sessegnon,eng ENG,DF,Hoffenheim,20,2000,17.5,47,25,28,10,9,14,39,35.9,25,316,97,30.7,125,128,63,45,3,0,42,20,67,47,0,Matches
428,Nils Seufert\Nils-Seufert,de GER,MFFW,Arminia,23,1997,3.8,11,8,0,7,4,2,10,20.0,8,87,20,23.0,14,47,26,4,1,0,3,2,13,6,0,Matches
429,Tim Siersleben\Tim-Siersleben,de GER,DF,Wolfsburg,20,2000,0.4,2,0,2,0,0,1,2,50.0,1,4,0,0.0,3,1,0,1,0,0,1,1,3,4,0,Matches
430,André Silva\Andre-Silva,pt POR,FW,Eint Frankfurt,24,1995,30.7,11,4,0,5,6,3,8,37.5,5,343,102,29.7,16,106,221,12,1,0,11,4,15,14,0,Matches
431,Jóan Símun Edmundsson\Joan-Simun-Edmundsson,fo FRO,MFFW,Arminia,29,1991,0.6,2,1,1,1,0,1,1,100.0,0,11,3,27.3,2,8,1,0,0,0,0,0,2,1,0,Matches
432,Daley Sinkgraven\Daley-Sinkgraven,nl NED,DF,Leverkusen,25,1995,17.4,33,23,14,15,4,16,38,42.1,22,218,81,37.2,82,93,43,48,7,0,41,21,54,29,0,Matches
433,Tobias Sippel\Tobias-Sippel,de GER,GK,M'Gladbach,32,1988,3.8,0,0,0,0,0,0,0,,0,0,0,,0,0,0,0,0,0,0,0,0,0,0,Matches
434,Ellyes Skhiri\Ellyes-Skhiri,tn TUN,MF,Köln,25,1995,30.9,88,51,46,35,7,31,66,47.0,35,537,168,31.3,233,240,64,77,16,1,61,84,172,50,2,Matches
435,Robert Skov\Robert-Skov,dk DEN,FWDF,Hoffenheim,24,1996,12.9,23,15,11,8,4,9,20,45.0,11,187,76,40.6,50,67,70,16,3,1,13,12,35,12,0,Matches
436,Steven Skrzybski\Steven-Skrzybski,de GER,FWDF,Schalke 04,27,1992,4.7,7,6,2,5,0,2,11,18.2,9,113,25,22.1,29,62,22,10,1,0,9,5,12,1,0,Matches
437,Yann Sommer\Yann-Sommer,ch SUI,GK,M'Gladbach,31,1988,30.1,0,0,0,0,0,0,0,,0,3,1,33.3,3,0,0,0,0,0,0,0,0,3,2,Matches
438,Borna Sosa\Borna-Sosa,hr CRO,DF,Stuttgart,22,1998,22.7,22,13,11,8,3,9,22,40.9,13,172,59,34.3,82,57,33,46,6,0,40,23,45,77,0,Matches
439,Cebio Soukou\Cebio-Soukou,bj BEN,FWMF,Arminia,27,1992,5.1,10,6,4,4,2,4,9,44.4,5,100,25,25.0,25,41,34,3,0,0,3,1,11,5,0,Matches
440,Djibril Sow\Djibril-Sow,ch SUI,MF,Eint Frankfurt,23,1997,24.2,67,45,28,36,3,18,53,34.0,35,536,174,32.5,167,289,80,47,10,2,37,55,122,32,0,Matches
441,Jerry St. Juste\Jerry-St-Juste,nl NED,DF,Mainz 05,23,1996,32.0,72,45,45,21,6,16,39,41.0,23,396,131,33.1,222,145,29,70,26,1,44,61,133,146,0,Matches
442,Benjamin Stambouli\Benjamin-Stambouli,fr FRA,MFDF,Schalke 04,29,1990,21.7,60,45,32,22,6,23,47,48.9,24,277,101,36.5,129,125,23,49,14,0,35,61,121,68,2,Matches
443,Josip Stanišić\Josip-Stanisic,de GER,DF,Bayern Munich,20,2000,1.0,2,1,2,0,0,0,1,0.0,1,15,6,40.0,8,4,3,2,0,0,2,1,3,4,0,Matches
444,Niklas Stark\Niklas-Stark,de GER,DFMF,Hertha BSC,25,1995,31.0,66,36,34,29,3,11,35,31.4,24,430,135,31.4,210,186,34,58,18,0,40,40,106,146,0,Matches
445,Renato Steffen\Renato-Steffen,ch SUI,FWMF,Wolfsburg,28,1991,17.4,26,15,8,14,4,8,29,27.6,21,286,79,27.6,70,147,69,33,3,0,30,13,39,13,0,Matches
446,Pascal Stenzel\Pascal-Stenzel,de GER,DF,Stuttgart,24,1996,14.2,33,18,17,15,1,19,48,39.6,29,186,58,31.2,95,80,11,33,4,1,29,18,51,42,1,Matches
447,Lars Stindl\Lars-Stindl,de GER,MFFW,M'Gladbach,31,1988,21.8,35,23,7,21,7,8,33,24.2,25,458,117,25.5,78,209,171,27,4,1,23,6,41,21,0,Matches
448,Kevin Stöger\Kevin-Stoger,at AUT,MFFW,Mainz 05,26,1993,6.0,14,10,5,6,3,4,16,25.0,12,97,33,34.0,29,42,26,9,0,0,9,11,25,7,0,Matches
449,Tobias Strobl\Tobias-Strobl,de GER,MF,Augsburg,30,1990,20.5,25,14,12,12,1,12,36,33.3,24,312,99,31.7,107,174,31,34,12,0,22,28,53,30,0,Matches
450,Marek Suchý\Marek-Suchy,cz CZE,DF,Augsburg,32,1988,3.4,5,3,1,4,0,1,2,50.0,1,26,10,38.5,11,15,0,5,4,1,1,1,6,12,0,Matches
451,Niklas Süle\Niklas-Sule,de GER,DF,Bayern Munich,24,1995,16.7,33,18,18,11,4,12,24,50.0,12,159,60,37.7,69,63,27,29,11,0,18,21,54,43,1,Matches
452,Ádám Szalai\Adam-Szalai,hu HUN,FW,Mainz 05,32,1987,8.1,7,7,3,2,2,1,6,16.7,5,132,42,31.8,14,60,58,4,1,0,3,3,10,2,0,Matches
453,Frederik Sørensen\Frederik-Sorensen,dk DEN,DF,Köln,28,1992,1.1,2,2,0,2,0,0,2,0.0,2,26,9,34.6,13,9,4,3,0,0,3,0,2,3,0,Matches
454,Alexander Sørloth\Alexander-Sorloth,no NOR,FW,RB Leipzig,24,1995,16.0,11,7,1,6,4,5,19,26.3,14,315,106,33.7,11,116,188,18,2,0,16,5,16,13,0,Matches
455,Jonathan Tah\Jonathan-Tah,de GER,DF,Leverkusen,24,1996,24.7,35,18,23,11,1,13,23,56.5,10,212,75,35.4,107,93,12,45,16,1,29,47,82,126,0,Matches
456,Edmond Tapsoba\Edmond-Tapsoba,bf BFA,DF,Leverkusen,21,1999,29.5,64,34,45,18,1,22,52,42.3,30,383,135,35.2,205,152,26,72,26,1,46,49,113,149,2,Matches
457,Niklas Tauer\Niklas-Tauer,de GER,MFDF,Mainz 05,19,2001,0.8,1,0,0,1,0,0,2,0.0,2,13,3,23.1,4,7,2,4,1,0,3,0,1,5,0,Matches
458,Lino Tempelmann\Lino-Tempelmann,de GER,MFDF,Freiburg,21,1999,3.0,5,3,2,3,0,0,2,0.0,2,63,16,25.4,24,36,3,8,1,0,7,0,5,7,0,Matches
459,Cedric Teuchert\Cedric-Teuchert,de GER,FWMF,Union Berlin,23,1997,8.4,10,7,1,8,1,2,17,11.8,15,176,51,29.0,25,97,54,14,0,0,14,11,21,6,0,Matches
460,Malick Thiaw\Malick-Thiaw,de GER,DF,Schalke 04,18,2001,16.1,47,20,27,18,2,15,30,50.0,15,222,65,29.3,116,94,12,29,14,0,15,33,80,80,0,Matches
461,Jan Thielmann\Jan-Thielmann,de GER,FWMF,Köln,18,2002,11.4,18,12,4,9,5,2,7,28.6,5,206,59,28.6,29,101,76,12,1,0,11,8,26,4,0,Matches
462,Erik Thommy\Erik-Thommy,de GER,DFFW,Stuttgart,25,1994,3.5,4,0,0,3,1,1,4,25.0,3,57,13,22.8,16,22,19,6,0,0,6,7,11,5,0,Matches
463,Marcus Thuram\Marcus-Thuram,fr FRA,FW,M'Gladbach,22,1997,19.2,22,16,10,6,6,5,18,27.8,13,328,97,29.6,52,157,119,34,3,0,31,20,42,14,0,Matches
464,Steffen Tigges\Steffen-Tigges,de GER,FW,Dortmund,22,1998,0.6,4,3,0,1,3,2,3,66.7,1,23,6,26.1,3,12,8,3,0,0,3,0,4,1,0,Matches
465,Guus Til\Guus-Til,nl NED,FW,Freiburg,22,1997,1.4,4,1,2,1,1,2,4,50.0,2,38,9,23.7,8,11,19,2,0,0,2,1,5,2,0,Matches
466,Corentin Tolisso\Corentin-Tolisso,fr FRA,MF,Bayern Munich,25,1994,8.7,17,12,3,13,1,8,25,32.0,17,154,38,24.7,32,87,35,17,1,0,16,3,20,10,0,Matches
467,Ömer Toprak\Omer-Toprak,tr TUR,DF,Werder Bremen,31,1989,21.6,31,13,20,10,1,10,24,41.7,14,163,53,32.5,95,60,8,41,16,0,25,51,82,142,2,Matches
468,Jordan Torunarigha\Jordan-Torunarigha,de GER,DF,Hertha BSC,22,1997,10.8,13,7,11,1,1,4,11,36.4,7,116,32,27.6,71,35,10,17,2,0,15,20,33,70,4,Matches
469,Almamy Touré\Almamy-Toure,ml MLI,DF,Eint Frankfurt,24,1996,7.8,16,13,6,6,4,8,16,50.0,8,117,37,31.6,36,47,34,15,1,0,14,11,27,20,1,Matches
470,Lucas Tousart\Lucas-Tousart,fr FRA,MF,Hertha BSC,23,1997,23.2,51,36,26,22,3,13,33,39.4,20,447,155,34.7,151,240,56,54,7,0,47,42,93,78,2,Matches
471,Ibrahima Traoré\Ibrahima-Traore,gn GUI,FWDF,M'Gladbach,32,1988,1.1,2,1,1,1,0,1,3,33.3,2,22,8,36.4,5,10,7,2,0,0,2,0,2,0,0,Matches
472,Kevin Trapp\Kevin-Trapp,de GER,GK,Eint Frankfurt,30,1990,33.0,0,0,0,0,0,0,1,0.0,1,5,1,20.0,5,0,0,0,0,0,0,1,1,2,3,Matches
473,Christopher Trimmel\Christopher-Trimmel,at AUT,DF,Union Berlin,33,1987,28.6,58,33,40,14,4,22,50,44.0,28,331,108,32.6,164,126,41,46,9,0,37,58,116,92,0,Matches
474,Tuta\Tuta,br BRA,DF,Eint Frankfurt,21,1999,16.2,32,14,18,13,1,12,38,31.6,26,230,68,29.6,112,93,25,32,3,0,29,31,63,71,1,Matches
475,Dayot Upamecano\Dayot-Upamecano,fr FRA,DF,RB Leipzig,21,1998,25.9,51,31,30,20,1,14,26,53.8,12,287,114,39.7,130,144,13,40,14,0,26,37,88,95,0,Matches
476,Mark Uth\Mark-Uth,de GER,FWMF,Schalke 04,28,1991,16.6,26,18,14,6,6,5,26,19.2,21,323,84,26.0,72,167,84,18,0,0,18,14,40,6,1,Matches
477,Ruben Vargas\Ruben-Vargas,ch SUI,MFFW,Augsburg,21,1998,17.9,23,13,8,13,2,4,21,19.0,17,267,89,33.3,68,123,76,39,3,0,36,28,51,20,1,Matches
478,Miloš Veljković\Milos-Veljkovic,rs SRB,DF,Werder Bremen,24,1995,19.1,18,16,15,2,1,6,32,18.8,26,199,65,32.7,123,65,11,42,13,0,29,31,49,127,0,Matches
479,Michel Vlap\Michel-Vlap,nl NED,MFFW,Arminia,23,1997,4.1,1,1,0,1,0,0,8,0.0,8,99,18,18.2,14,54,31,5,0,0,5,4,5,3,0,Matches
480,Andreas Voglsammer\Andreas-Voglsammer,de GER,FWMF,Arminia,28,1992,11.1,11,9,6,3,2,3,19,15.8,16,184,50,27.2,26,97,61,15,1,0,14,5,16,10,0,Matches
481,Kevin Vogt\Kevin-Vogt,de GER,DF,Hoffenheim,28,1991,20.5,26,17,18,8,0,11,21,52.4,10,165,61,37.0,96,64,5,24,11,1,13,11,37,89,1,Matches
482,Silas Wamangituka\Silas-Wamangituka,cd COD,DFFW,Stuttgart,20,1999,21.3,50,30,28,16,6,21,47,44.7,26,313,90,28.8,93,129,91,39,2,0,37,23,73,13,1,Matches
483,Wout Weghorst\Wout-Weghorst,nl NED,FW,Wolfsburg,27,1992,32.7,13,12,2,7,4,4,16,25.0,12,581,176,30.3,27,216,338,20,5,0,15,6,19,25,1,Matches
484,Mitchell Weiser\Mitchell-Weiser,de GER,DF,Leverkusen,26,1994,2.5,4,2,1,2,1,2,5,40.0,3,47,18,38.3,15,23,9,2,0,0,2,2,6,8,0,Matches
485,Wendell\Wendell,br BRA,DF,Leverkusen,27,1993,16.2,54,30,27,17,10,14,43,32.6,29,241,90,37.3,101,101,39,35,3,1,32,40,94,53,0,Matches
486,Oscar Wendt\Oscar-Wendt,se SWE,DF,M'Gladbach,34,1985,13.9,15,5,5,8,2,4,13,30.8,9,96,33,34.4,34,44,18,31,6,0,25,15,30,37,0,Matches
487,William\William,br BRA,FW,Wolfsburg,25,1995,0.0,0,0,0,0,0,0,0,,0,0,0,,0,0,0,0,0,0,0,0,0,0,0,Matches
488,William\William,br BRA,DFFW,Schalke 04,25,1995,5.3,19,9,13,5,1,9,24,37.5,15,102,25,24.5,63,32,7,16,4,0,12,14,33,13,0,Matches
489,Marten Winkler\Marten-Winkler,de GER,FW,Hertha BSC,17,2002,0.0,0,0,0,0,0,0,0,,0,2,0,0.0,0,2,0,0,0,0,0,0,0,0,0,Matches
490,Florian Wirtz\Florian-Wirtz,de GER,MF,Leverkusen,17,2003,24.7,25,18,10,13,2,7,35,20.0,28,500,155,31.0,67,263,170,34,3,0,31,20,45,3,1,Matches
491,Axel Witsel\Axel-Witsel,be BEL,MF,Dortmund,31,1989,12.6,20,15,7,12,1,7,16,43.8,9,161,59,36.6,52,93,16,17,3,0,14,15,35,14,0,Matches
492,Hannes Wolf\Hannes-Wolf,at AUT,MFFW,M'Gladbach,21,1999,15.3,27,19,7,14,6,8,37,21.6,29,382,105,27.5,76,203,103,25,2,0,23,12,39,4,0,Matches
493,Marius Wolf\Marius-Wolf,de GER,DFMF,Köln,25,1995,28.3,33,18,19,12,2,11,40,27.5,29,374,109,29.1,140,148,86,49,4,0,45,33,66,48,1,Matches
494,Nick Woltemade\Nick-Woltemade,de GER,MFFW,Werder Bremen,18,2002,1.6,2,1,1,1,0,1,2,50.0,1,34,13,38.2,6,15,13,2,0,0,2,1,3,0,0,Matches
495,Jeong Woo-yeong\Jeong-Woo-yeong,kr KOR,FWMF,Freiburg,20,1999,9.1,9,4,1,6,2,3,18,16.7,15,259,57,22.0,39,144,76,12,1,0,11,10,19,11,0,Matches
496,Joscha Wosz\Joscha-Wosz,de GER,DFFW,RB Leipzig,18,2002,0.4,1,1,1,0,0,0,0,,0,11,2,18.2,3,4,4,3,0,0,3,0,1,0,0,Matches
497,Reinhold Yabo\Reinhold-Yabo,de GER,MFFW,Arminia,28,1992,7.2,10,7,4,3,3,3,11,27.3,8,106,26,24.5,34,45,27,7,2,0,5,7,17,2,0,Matches
498,Amin Younes\Amin-Younes,de GER,MFFW,Eint Frankfurt,26,1993,15.5,27,19,9,14,4,8,37,21.6,29,338,93,27.5,74,163,101,22,2,0,20,17,44,3,0,Matches
499,Dan-Axel Zagadou\Dan-Axel-Zagadou,fr FRA,DF,Dortmund,21,1999,3.1,3,1,2,1,0,0,0,,0,23,8,34.8,19,4,0,5,3,0,2,9,12,12,0,Matches
500,Denis Zakaria\Denis-Zakaria,ch SUI,MFDF,M'Gladbach,23,1996,15.8,28,21,15,11,2,11,22,50.0,11,197,64,32.5,85,96,16,29,10,0,19,29,57,35,1,Matches
501,Deyovaisio Zeefuik\Deyovaisio-Zeefuik,nl NED,DFMF,Hertha BSC,22,1998,10.1,19,14,12,3,4,4,17,23.5,13,220,61,27.7,99,81,40,31,2,0,29,8,27,32,0,Matches
502,Robin Zentner\Robin-Zentner,de GER,GK,Mainz 05,25,1994,31.0,0,0,0,0,0,0,2,0.0,2,5,2,40.0,5,0,0,0,0,0,0,0,0,1,3,Matches
503,Ron-Robert Zieler\Ron-Robert-Zieler,de GER,GK,Köln,31,1989,0.6,0,0,0,0,0,0,0,,0,0,0,,0,0,0,0,0,0,0,0,0,0,0,Matches
504,Joshua Zirkzee\Joshua-Zirkzee,nl NED,FW,Bayern Munich,19,2001,1.0,0,0,0,0,0,0,2,0.0,2,12,3,25.0,1,4,7,0,0,0,0,0,0,0,0,Matches
505,Steven Zuber\Steven-Zuber,ch SUI,DFMF,Eint Frankfurt,28,1991,6.5,27,15,10,13,4,7,20,35.0,13,110,37,33.6,32,56,22,7,2,0,5,2,29,1,0,Matches